<?xml version="1.0" encoding="utf-8"?>
<all-ming-config>
  <ming>世</ming> 
  <ming>舜</ming> 
  <ming>丞</ming> 
  <ming>主</ming> 
  <ming>产</ming> 
  <ming>仁</ming> 
  <ming>仇</ming> 
  <ming>仓</ming> 
  <ming>仕</ming> 
  <ming>仞</ming> 
  <ming>任</ming> 
  <ming>伋</ming> 
  <ming>众</ming> 
  <ming>伸</ming> 
  <ming>佐</ming> 
  <ming>佺</ming> 
  <ming>侃</ming> 
  <ming>侪</ming> 
  <ming>促</ming> 
  <ming>俟</ming> 
  <ming>信</ming> 
  <ming>俣</ming> 
  <ming>修</ming> 
  <ming>倝</ming> 
  <ming>倡</ming> 
  <ming>倧</ming> 
  <ming>偿</ming> 
  <ming>储</ming> 
  <ming>僖</ming> 
  <ming>僧</ming> 
  <ming>僳</ming> 
  <ming>儒</ming> 
  <ming>俊</ming> 
  <ming>伟</ming> 
  <ming>列</ming> 
  <ming>则</ming> 
  <ming>刚</ming> 
  <ming>创</ming> 
  <ming>前</ming> 
  <ming>剑</ming> 
  <ming>助</ming> 
  <ming>劭</ming> 
  <ming>势</ming> 
  <ming>勘</ming> 
  <ming>参</ming> 
  <ming>叔</ming> 
  <ming>吏</ming> 
  <ming>嗣</ming> 
  <ming>士</ming> 
  <ming>壮</ming> 
  <ming>孺</ming> 
  <ming>守</ming> 
  <ming>宽</ming> 
  <ming>宾</ming> 
  <ming>宋</ming> 
  <ming>宗</ming> 
  <ming>宙</ming> 
  <ming>宣</ming> 
  <ming>实</ming> 
  <ming>宰</ming> 
  <ming>尊</ming> 
  <ming>峙</ming> 
  <ming>峻</ming> 
  <ming>崇</ming> 
  <ming>崈</ming> 
  <ming>川</ming> 
  <ming>州</ming> 
  <ming>巡</ming> 
  <ming>帅</ming> 
  <ming>庚</ming> 
  <ming>战</ming> 
  <ming>才</ming> 
  <ming>承</ming> 
  <ming>拯</ming> 
  <ming>操</ming> 
  <ming>斋</ming> 
  <ming>昌</ming> 
  <ming>晁</ming> 
  <ming>暠</ming> 
  <ming>曹</ming> 
  <ming>曾</ming> 
  <ming>珺</ming> 
  <ming>玮</ming> 
  <ming>珹</ming> 
  <ming>琒</ming> 
  <ming>琛</ming> 
  <ming>琩</ming> 
  <ming>琮</ming> 
  <ming>琸</ming> 
  <ming>瑎</ming> 
  <ming>玚</ming> 
  <ming>璟</ming> 
  <ming>璥</ming> 
  <ming>瑜</ming> 
  <ming>生</ming> 
  <ming>畴</ming> 
  <ming>矗</ming> 
  <ming>矢</ming> 
  <ming>石</ming> 
  <ming>磊</ming> 
  <ming>砂</ming> 
  <ming>碫</ming> 
  <ming>示</ming> 
  <ming>社</ming> 
  <ming>祖</ming> 
  <ming>祚</ming> 
  <ming>祥</ming> 
  <ming>禅</ming> 
  <ming>稹</ming> 
  <ming>穆</ming> 
  <ming>竣</ming> 
  <ming>竦</ming> 
  <ming>综</ming> 
  <ming>缜</ming> 
  <ming>绪</ming> 
  <ming>舱</ming> 
  <ming>舷</ming> 
  <ming>船</ming> 
  <ming>蚩</ming> 
  <ming>襦</ming> 
  <ming>轼</ming> 
  <ming>辑</ming> 
  <ming>轩</ming> 
  <ming>子</ming> 
  <ming>杰</ming> 
  <ming>榜</ming> 
  <ming>碧</ming> 
  <ming>葆</ming> 
  <ming>莱</ming> 
  <ming>蒲</ming> 
  <ming>天</ming> 
  <ming>乐</ming> 
  <ming>东</ming> 
  <ming>钢</ming> 
  <ming>铎</ming> 
  <ming>铖</ming> 
  <ming>铠</ming> 
  <ming>铸</ming> 
  <ming>铿</ming> 
  <ming>锋</ming> 
  <ming>镇</ming> 
  <ming>键</ming> 
  <ming>镰</ming> 
  <ming>馗</ming> 
  <ming>旭</ming> 
  <ming>骏</ming> 
  <ming>骢</ming> 
  <ming>骥</ming> 
  <ming>驹</ming> 
  <ming>驾</ming> 
  <ming>骄</ming> 
  <ming>诚</ming> 
  <ming>诤</ming> 
  <ming>赐</ming> 
  <ming>慕</ming> 
  <ming>端</ming> 
  <ming>征</ming> 
  <ming>坚</ming> 
  <ming>建</ming> 
  <ming>弓</ming> 
  <ming>强</ming> 
  <ming>彦</ming> 
  <ming>御</ming> 
  <ming>悍</ming> 
  <ming>擎</ming> 
  <ming>攀</ming> 
  <ming>旷</ming> 
  <ming>昂</ming> 
  <ming>晷</ming> 
  <ming>健</ming> 
  <ming>冀</ming> 
  <ming>凯</ming> 
  <ming>劻</ming> 
  <ming>啸</ming> 
  <ming>柴</ming> 
  <ming>木</ming> 
  <ming>林</ming> 
  <ming>森</ming> 
  <ming>朴</ming> 
  <ming>骞</ming> 
  <ming>寒</ming> 
  <ming>函</ming> 
  <ming>高</ming> 
  <ming>魁</ming> 
  <ming>魏</ming> 
  <ming>鲛</ming> 
  <ming>鲲</ming> 
  <ming>鹰</ming> 
  <ming>丕</ming> 
  <ming>乒</ming> 
  <ming>候</ming> 
  <ming>冕</ming> 
  <ming>勰</ming> 
  <ming>备</ming> 
  <ming>宪</ming> 
  <ming>宾</ming> 
  <ming>密</ming> 
  <ming>封</ming> 
  <ming>山</ming> 
  <ming>峰</ming> 
  <ming>弼</ming> 
  <ming>彪</ming> 
  <ming>彭</ming> 
  <ming>旁</ming> 
  <ming>日</ming> 
  <ming>明</ming> 
  <ming>昪</ming> 
  <ming>昴</ming> 
  <ming>胜</ming> 
  <ming>汉</ming> 
  <ming>涵</ming> 
  <ming>汗</ming> 
  <ming>浩</ming> 
  <ming>涛</ming> 
  <ming>淏</ming> 
  <ming>清</ming> 
  <ming>澜</ming> 
  <ming>浦</ming> 
  <ming>澉</ming> 
  <ming>澎</ming> 
  <ming>澔</ming> 
  <ming>濮</ming> 
  <ming>濯</ming> 
  <ming>瀚</ming> 
  <ming>瀛</ming> 
  <ming>灏</ming> 
  <ming>沧</ming> 
  <ming>虚</ming> 
  <ming>豪</ming> 
  <ming>豹</ming> 
  <ming>辅</ming> 
  <ming>辈</ming> 
  <ming>迈</ming> 
  <ming>邶</ming> 
  <ming>合</ming> 
  <ming>部</ming> 
  <ming>阔</ming> 
  <ming>雄</ming> 
  <ming>霆</ming> 
  <ming>震</ming> 
  <ming>韩</ming> 
  <ming>俯</ming> 
  <ming>颁</ming> 
  <ming>颇</ming> 
  <ming>频</ming> 
  <ming>颔</ming> 
  <ming>风</ming> 
  <ming>飒</ming> 
  <ming>飙</ming> 
  <ming>飚</ming> 
  <ming>马</ming> 
  <ming>亮</ming> 
  <ming>仑</ming> 
  <ming>仝</ming> 
  <ming>代</ming> 
  <ming>儋</ming> 
  <ming>利</ming> 
  <ming>力</ming> 
  <ming>劼</ming> 
  <ming>勒</ming> 
  <ming>卓</ming> 
  <ming>哲</ming> 
  <ming>喆</ming> 
  <ming>展</ming> 
  <ming>帝</ming> 
  <ming>弛</ming> 
  <ming>弢</ming> 
  <ming>弩</ming> 
  <ming>彰</ming> 
  <ming>征</ming> 
  <ming>律</ming> 
  <ming>德</ming> 
  <ming>志</ming> 
  <ming>忠</ming> 
  <ming>思</ming> 
  <ming>振</ming> 
  <ming>挺</ming> 
  <ming>掣</ming> 
  <ming>旲</ming> 
  <ming>旻</ming> 
  <ming>昊</ming> 
  <ming>昮</ming> 
  <ming>晋</ming> 
  <ming>晟</ming> 
  <ming>晸</ming> 
  <ming>朕</ming> 
  <ming>朗</ming> 
  <ming>段</ming> 
  <ming>殿</ming> 
  <ming>泰</ming> 
  <ming>滕</ming> 
  <ming>炅</ming> 
  <ming>炜</ming> 
  <ming>煜</ming> 
  <ming>煊</ming> 
  <ming>炎</ming> 
  <ming>选</ming> 
  <ming>玄</ming> 
  <ming>勇</ming> 
  <ming>君</ming> 
  <ming>稼</ming> 
  <ming>黎</ming> 
  <ming>利</ming> 
  <ming>贤</ming> 
  <ming>谊</ming> 
  <ming>金</ming> 
  <ming>鑫</ming> 
  <ming>辉</ming> 
  <ming>墨</ming> 
  <ming>欧</ming> 
  <ming>有</ming> 
  <ming>友</ming> 
  <ming>闻</ming> 
  <ming>问</ming> 
  <ming>安邦</ming> 
  <ming>安福</ming> 
  <ming>安歌</ming> 
  <ming>安国</ming> 
  <ming>安和</ming> 
  <ming>安康</ming> 
  <ming>安澜</ming> 
  <ming>安民</ming> 
  <ming>安宁</ming> 
  <ming>安平</ming> 
  <ming>安然</ming> 
  <ming>安顺</ming> 
  <ming>安翔</ming> 
  <ming>安晏</ming> 
  <ming>安宜</ming> 
  <ming>安怡</ming> 
  <ming>安易</ming> 
  <ming>安志</ming> 
  <ming>昂然</ming> 
  <ming>昂雄</ming> 
  <ming>宾白</ming> 
  <ming>宾鸿</ming> 
  <ming>宾实</ming> 
  <ming>彬彬</ming> 
  <ming>彬炳</ming> 
  <ming>彬郁</ming> 
  <ming>斌斌</ming> 
  <ming>斌蔚</ming> 
  <ming>滨海</ming> 
  <ming>波光</ming> 
  <ming>波鸿</ming> 
  <ming>波峻</ming> 
  <ming>波涛</ming> 
  <ming>博瀚</ming> 
  <ming>博超</ming> 
  <ming>博达</ming> 
  <ming>博厚</ming> 
  <ming>博简</ming> 
  <ming>博明</ming> 
  <ming>博容</ming> 
  <ming>博赡</ming> 
  <ming>博涉</ming> 
  <ming>博实</ming> 
  <ming>博涛</ming> 
  <ming>博文</ming> 
  <ming>博学</ming> 
  <ming>博雅</ming> 
  <ming>博延</ming> 
  <ming>博艺</ming> 
  <ming>博易</ming> 
  <ming>博裕</ming> 
  <ming>博远</ming> 
  <ming>才捷</ming> 
  <ming>才良</ming> 
  <ming>才艺</ming> 
  <ming>才英</ming> 
  <ming>才哲</ming> 
  <ming>才俊</ming> 
  <ming>成和</ming> 
  <ming>成弘</ming> 
  <ming>成化</ming> 
  <ming>成济</ming> 
  <ming>成礼</ming> 
  <ming>成龙</ming> 
  <ming>成仁</ming> 
  <ming>成双</ming> 
  <ming>成天</ming> 
  <ming>成文</ming> 
  <ming>成业</ming> 
  <ming>成益</ming> 
  <ming>成荫</ming> 
  <ming>成周</ming> 
  <ming>承安</ming> 
  <ming>承弼</ming> 
  <ming>承德</ming> 
  <ming>承恩</ming> 
  <ming>承福</ming> 
  <ming>承基</ming> 
  <ming>承教</ming> 
  <ming>承平</ming> 
  <ming>承嗣</ming> 
  <ming>承天</ming> 
  <ming>承望</ming> 
  <ming>承宣</ming> 
  <ming>承颜</ming> 
  <ming>承业</ming> 
  <ming>承悦</ming> 
  <ming>承允</ming> 
  <ming>承运</ming> 
  <ming>承载</ming> 
  <ming>承泽</ming> 
  <ming>承志</ming> 
  <ming>德本</ming> 
  <ming>德海</ming> 
  <ming>德厚</ming> 
  <ming>德华</ming> 
  <ming>德辉</ming> 
  <ming>德惠</ming> 
  <ming>德容</ming> 
  <ming>德润</ming> 
  <ming>德寿</ming> 
  <ming>德水</ming> 
  <ming>德馨</ming> 
  <ming>德曜</ming> 
  <ming>德业</ming> 
  <ming>德义</ming> 
  <ming>德庸</ming> 
  <ming>德佑</ming> 
  <ming>德宇</ming> 
  <ming>德元</ming> 
  <ming>德运</ming> 
  <ming>德泽</ming> 
  <ming>德明</ming> 
  <ming>飞昂</ming> 
  <ming>飞白</ming> 
  <ming>飞飙</ming> 
  <ming>飞掣</ming> 
  <ming>飞尘</ming> 
  <ming>飞沉</ming> 
  <ming>飞驰</ming> 
  <ming>飞光</ming> 
  <ming>飞翰</ming> 
  <ming>飞航</ming> 
  <ming>飞翮</ming> 
  <ming>飞鸿</ming> 
  <ming>飞虎</ming> 
  <ming>飞捷</ming> 
  <ming>飞龙</ming> 
  <ming>飞鸾</ming> 
  <ming>飞鸣</ming> 
  <ming>飞鹏</ming> 
  <ming>飞扬</ming> 
  <ming>飞文</ming> 
  <ming>飞翔</ming> 
  <ming>飞星</ming> 
  <ming>飞翼</ming> 
  <ming>飞英</ming> 
  <ming>飞宇</ming> 
  <ming>飞羽</ming> 
  <ming>飞雨</ming> 
  <ming>飞语</ming> 
  <ming>飞跃</ming> 
  <ming>飞章</ming> 
  <ming>飞舟</ming> 
  <ming>风华</ming> 
  <ming>丰茂</ming> 
  <ming>丰羽</ming> 
  <ming>刚豪</ming> 
  <ming>刚洁</ming> 
  <ming>刚捷</ming> 
  <ming>刚毅</ming> 
  <ming>高昂</ming> 
  <ming>高岑</ming> 
  <ming>高畅</ming> 
  <ming>高超</ming> 
  <ming>高驰</ming> 
  <ming>高达</ming> 
  <ming>高澹</ming> 
  <ming>高飞</ming> 
  <ming>高芬</ming> 
  <ming>高峯</ming> 
  <ming>高峰</ming> 
  <ming>高歌</ming> 
  <ming>高格</ming> 
  <ming>高寒</ming> 
  <ming>高翰</ming> 
  <ming>高杰</ming> 
  <ming>高洁</ming> 
  <ming>高峻</ming> 
  <ming>高朗</ming> 
  <ming>高丽</ming> 
  <ming>高邈</ming> 
  <ming>高旻</ming> 
  <ming>高明</ming> 
  <ming>高爽</ming> 
  <ming>高兴</ming> 
  <ming>高轩</ming> 
  <ming>高雅</ming> 
  <ming>高扬</ming> 
  <ming>高阳</ming> 
  <ming>高义</ming> 
  <ming>高谊</ming> 
  <ming>高逸</ming> 
  <ming>高懿</ming> 
  <ming>高原</ming> 
  <ming>高远</ming> 
  <ming>高韵</ming> 
  <ming>高卓</ming> 
  <ming>光赫</ming> 
  <ming>光华</ming> 
  <ming>光辉</ming> 
  <ming>光济</ming> 
  <ming>光霁</ming> 
  <ming>光亮</ming> 
  <ming>光临</ming> 
  <ming>光明</ming> 
  <ming>光启</ming> 
  <ming>光熙</ming> 
  <ming>光耀</ming> 
  <ming>光誉</ming> 
  <ming>光远</ming> 
  <ming>国安</ming> 
  <ming>国兴</ming> 
  <ming>国源</ming> 
  <ming>冠宇</ming> 
  <ming>冠玉</ming> 
  <ming>晗昱</ming> 
  <ming>晗日</ming> 
  <ming>涵畅</ming> 
  <ming>涵涤</ming> 
  <ming>涵亮</ming> 
  <ming>涵忍</ming> 
  <ming>涵容</ming> 
  <ming>涵润</ming> 
  <ming>涵涵</ming> 
  <ming>涵煦</ming> 
  <ming>涵蓄</ming> 
  <ming>涵衍</ming> 
  <ming>涵意</ming> 
  <ming>涵映</ming> 
  <ming>涵育</ming> 
  <ming>翰采</ming> 
  <ming>翰池</ming> 
  <ming>翰飞</ming> 
  <ming>翰海</ming> 
  <ming>翰翮</ming> 
  <ming>翰林</ming> 
  <ming>翰墨</ming> 
  <ming>翰学</ming> 
  <ming>翰音</ming> 
  <ming>瀚玥</ming> 
  <ming>翰藻</ming> 
  <ming>瀚海</ming> 
  <ming>瀚漠</ming> 
  <ming>昊苍</ming> 
  <ming>昊昊</ming> 
  <ming>昊空</ming> 
  <ming>昊乾</ming> 
  <ming>昊穹</ming> 
  <ming>昊然</ming> 
  <ming>昊然</ming> 
  <ming>昊天</ming> 
  <ming>昊焱</ming> 
  <ming>昊英</ming> 
  <ming>浩波</ming> 
  <ming>浩博</ming> 
  <ming>浩初</ming> 
  <ming>浩大</ming> 
  <ming>浩宕</ming> 
  <ming>浩荡</ming> 
  <ming>浩歌</ming> 
  <ming>浩广</ming> 
  <ming>浩涆</ming> 
  <ming>浩瀚</ming> 
  <ming>浩浩</ming> 
  <ming>浩慨</ming> 
  <ming>浩旷</ming> 
  <ming>浩阔</ming> 
  <ming>浩漫</ming> 
  <ming>浩淼</ming> 
  <ming>浩渺</ming> 
  <ming>浩邈</ming> 
  <ming>浩气</ming> 
  <ming>浩然</ming> 
  <ming>浩穰</ming> 
  <ming>浩壤</ming> 
  <ming>浩思</ming> 
  <ming>浩言</ming> 
  <ming>皓轩</ming> 
  <ming>和蔼</ming> 
  <ming>和安</ming> 
  <ming>和璧</ming> 
  <ming>和昶</ming> 
  <ming>和畅</ming> 
  <ming>和风</ming> 
  <ming>和歌</ming> 
  <ming>和光</ming> 
  <ming>和平</ming> 
  <ming>和洽</ming> 
  <ming>和惬</ming> 
  <ming>和顺</ming> 
  <ming>和硕</ming> 
  <ming>和颂</ming> 
  <ming>和泰</ming> 
  <ming>和悌</ming> 
  <ming>和通</ming> 
  <ming>和同</ming> 
  <ming>和煦</ming> 
  <ming>和雅</ming> 
  <ming>和宜</ming> 
  <ming>和怡</ming> 
  <ming>和玉</ming> 
  <ming>和裕</ming> 
  <ming>和豫</ming> 
  <ming>和悦</ming> 
  <ming>和韵</ming> 
  <ming>和泽</ming> 
  <ming>和正</ming> 
  <ming>和志</ming> 
  <ming>鹤轩</ming> 
  <ming>弘博</ming> 
  <ming>弘大</ming> 
  <ming>弘方</ming> 
  <ming>弘光</ming> 
  <ming>弘和</ming> 
  <ming>弘厚</ming> 
  <ming>弘化</ming> 
  <ming>弘济</ming> 
  <ming>弘阔</ming> 
  <ming>弘亮</ming> 
  <ming>弘量</ming> 
  <ming>弘深</ming> 
  <ming>弘盛</ming> 
  <ming>弘图</ming> 
  <ming>弘伟</ming> 
  <ming>弘文</ming> 
  <ming>弘新</ming> 
  <ming>弘雅</ming> 
  <ming>弘扬</ming> 
  <ming>弘业</ming> 
  <ming>弘义</ming> 
  <ming>弘益</ming> 
  <ming>弘毅</ming> 
  <ming>弘懿</ming> 
  <ming>弘致</ming> 
  <ming>弘壮</ming> 
  <ming>宏伯</ming> 
  <ming>宏博</ming> 
  <ming>宏才</ming> 
  <ming>宏畅</ming> 
  <ming>宏达</ming> 
  <ming>宏大</ming> 
  <ming>宏放</ming> 
  <ming>宏富</ming> 
  <ming>宏峻</ming> 
  <ming>宏浚</ming> 
  <ming>宏恺</ming> 
  <ming>宏旷</ming> 
  <ming>宏阔</ming> 
  <ming>宏朗</ming> 
  <ming>宏茂</ming> 
  <ming>宏邈</ming> 
  <ming>宏儒</ming> 
  <ming>宏深</ming> 
  <ming>宏胜</ming> 
  <ming>宏盛</ming> 
  <ming>宏爽</ming> 
  <ming>宏硕</ming> 
  <ming>宏伟</ming> 
  <ming>宏扬</ming> 
  <ming>宏义</ming> 
  <ming>宏逸</ming> 
  <ming>宏毅</ming> 
  <ming>宏远</ming> 
  <ming>宏壮</ming> 
  <ming>鸿宝</ming> 
  <ming>鸿波</ming> 
  <ming>鸿博</ming> 
  <ming>鸿才</ming> 
  <ming>鸿彩</ming> 
  <ming>鸿畅</ming> 
  <ming>鸿畴</ming> 
  <ming>鸿达</ming> 
  <ming>鸿德</ming> 
  <ming>鸿飞</ming> 
  <ming>鸿风</ming> 
  <ming>鸿福</ming> 
  <ming>鸿光</ming> 
  <ming>鸿晖</ming> 
  <ming>鸿朗</ming> 
  <ming>鸿文</ming> 
  <ming>鸿熙</ming> 
  <ming>鸿羲</ming> 
  <ming>鸿禧</ming> 
  <ming>鸿信</ming> 
  <ming>鸿轩</ming> 
  <ming>鸿煊</ming> 
  <ming>鸿煊</ming> 
  <ming>鸿雪</ming> 
  <ming>鸿羽</ming> 
  <ming>鸿远</ming> 
  <ming>鸿云</ming> 
  <ming>鸿运</ming> 
  <ming>鸿哲</ming> 
  <ming>鸿祯</ming> 
  <ming>鸿振</ming> 
  <ming>鸿志</ming> 
  <ming>鸿卓</ming> 
  <ming>华奥</ming> 
  <ming>华采</ming> 
  <ming>华彩</ming> 
  <ming>华灿</ming> 
  <ming>华藏</ming> 
  <ming>华池</ming> 
  <ming>华翰</ming> 
  <ming>华皓</ming> 
  <ming>华晖</ming> 
  <ming>华辉</ming> 
  <ming>华茂</ming> 
  <ming>华美</ming> 
  <ming>华清</ming> 
  <ming>华荣</ming> 
  <ming>华容</ming> 
  <ming>嘉赐</ming> 
  <ming>嘉德</ming> 
  <ming>嘉福</ming> 
  <ming>嘉良</ming> 
  <ming>嘉茂</ming> 
  <ming>嘉木</ming> 
  <ming>嘉慕</ming> 
  <ming>嘉纳</ming> 
  <ming>嘉年</ming> 
  <ming>嘉平</ming> 
  <ming>嘉庆</ming> 
  <ming>嘉荣</ming> 
  <ming>嘉容</ming> 
  <ming>嘉瑞</ming> 
  <ming>嘉胜</ming> 
  <ming>嘉石</ming> 
  <ming>嘉实</ming> 
  <ming>嘉树</ming> 
  <ming>嘉澍</ming> 
  <ming>嘉熙</ming> 
  <ming>嘉禧</ming> 
  <ming>嘉祥</ming> 
  <ming>嘉歆</ming> 
  <ming>嘉许</ming> 
  <ming>嘉勋</ming> 
  <ming>嘉言</ming> 
  <ming>嘉谊</ming> 
  <ming>嘉懿</ming> 
  <ming>嘉颖</ming> 
  <ming>嘉佑</ming> 
  <ming>嘉玉</ming> 
  <ming>嘉誉</ming> 
  <ming>嘉悦</ming> 
  <ming>嘉运</ming> 
  <ming>嘉泽</ming> 
  <ming>嘉珍</ming> 
  <ming>嘉祯</ming> 
  <ming>嘉志</ming> 
  <ming>嘉致</ming> 
  <ming>坚白</ming> 
  <ming>坚壁</ming> 
  <ming>坚秉</ming> 
  <ming>坚成</ming> 
  <ming>坚诚</ming> 
  <ming>建安</ming> 
  <ming>建白</ming> 
  <ming>建柏</ming> 
  <ming>建本</ming> 
  <ming>建弼</ming> 
  <ming>建德</ming> 
  <ming>建华</ming> 
  <ming>建明</ming> 
  <ming>建茗</ming> 
  <ming>建木</ming> 
  <ming>建树</ming> 
  <ming>建同</ming> 
  <ming>建修</ming> 
  <ming>建业</ming> 
  <ming>建义</ming> 
  <ming>建元</ming> 
  <ming>建章</ming> 
  <ming>建中</ming> 
  <ming>健柏</ming> 
  <ming>金鑫</ming> 
  <ming>锦程</ming> 
  <ming>瑾瑜</ming> 
  <ming>晋鹏</ming> 
  <ming>经赋</ming> 
  <ming>经亘</ming> 
  <ming>经国</ming> 
  <ming>经略</ming> 
  <ming>经纶</ming> 
  <ming>经纬</ming> 
  <ming>经武</ming> 
  <ming>经业</ming> 
  <ming>经义</ming> 
  <ming>经艺</ming> 
  <ming>景澄</ming> 
  <ming>景福</ming> 
  <ming>景焕</ming> 
  <ming>景辉</ming> 
  <ming>景辉</ming> 
  <ming>景龙</ming> 
  <ming>景明</ming> 
  <ming>景山</ming> 
  <ming>景胜</ming> 
  <ming>景铄</ming> 
  <ming>景天</ming> 
  <ming>景同</ming> 
  <ming>景曜</ming> 
  <ming>靖琪</ming> 
  <ming>君昊</ming> 
  <ming>君浩</ming> 
  <ming>俊艾</ming> 
  <ming>俊拔</ming> 
  <ming>俊弼</ming> 
  <ming>俊才</ming> 
  <ming>俊材</ming> 
  <ming>俊驰</ming> 
  <ming>俊楚</ming> 
  <ming>俊达</ming> 
  <ming>俊德</ming> 
  <ming>俊发</ming> 
  <ming>俊风</ming> 
  <ming>俊豪</ming> 
  <ming>俊健</ming> 
  <ming>俊杰</ming> 
  <ming>俊捷</ming> 
  <ming>俊郎</ming> 
  <ming>俊力</ming> 
  <ming>俊良</ming> 
  <ming>俊迈</ming> 
  <ming>俊茂</ming> 
  <ming>俊美</ming> 
  <ming>俊民</ming> 
  <ming>俊名</ming> 
  <ming>俊明</ming> 
  <ming>俊楠</ming> 
  <ming>俊能</ming> 
  <ming>俊人</ming> 
  <ming>俊爽</ming> 
  <ming>俊悟</ming> 
  <ming>俊晤</ming> 
  <ming>俊侠</ming> 
  <ming>俊贤</ming> 
  <ming>俊雄</ming> 
  <ming>俊雅</ming> 
  <ming>俊彦</ming> 
  <ming>俊逸</ming> 
  <ming>俊英</ming> 
  <ming>俊友</ming> 
  <ming>俊语</ming> 
  <ming>俊誉</ming> 
  <ming>俊远</ming> 
  <ming>俊哲</ming> 
  <ming>俊喆</ming> 
  <ming>俊智</ming> 
  <ming>峻熙</ming> 
  <ming>季萌</ming> 
  <ming>季同</ming> 
  <ming>开畅</ming> 
  <ming>开诚</ming> 
  <ming>开宇</ming> 
  <ming>开济</ming> 
  <ming>开霁</ming> 
  <ming>开朗</ming> 
  <ming>凯安</ming> 
  <ming>凯唱</ming> 
  <ming>凯定</ming> 
  <ming>凯风</ming> 
  <ming>凯复</ming> 
  <ming>凯歌</ming> 
  <ming>凯捷</ming> 
  <ming>凯凯</ming> 
  <ming>凯康</ming> 
  <ming>凯乐</ming> 
  <ming>凯旋</ming> 
  <ming>凯泽</ming> 
  <ming>恺歌</ming> 
  <ming>恺乐</ming> 
  <ming>康安</ming> 
  <ming>康伯</ming> 
  <ming>康成</ming> 
  <ming>康德</ming> 
  <ming>康复</ming> 
  <ming>康健</ming> 
  <ming>康乐</ming> 
  <ming>康宁</ming> 
  <ming>康平</ming> 
  <ming>康胜</ming> 
  <ming>康盛</ming> 
  <ming>康时</ming> 
  <ming>康适</ming> 
  <ming>康顺</ming> 
  <ming>康泰</ming> 
  <ming>康裕</ming> 
  <ming>乐安</ming> 
  <ming>乐邦</ming> 
  <ming>乐成</ming> 
  <ming>乐池</ming> 
  <ming>乐和</ming> 
  <ming>乐家</ming> 
  <ming>乐康</ming> 
  <ming>乐人</ming> 
  <ming>乐容</ming> 
  <ming>乐山</ming> 
  <ming>乐生</ming> 
  <ming>乐圣</ming> 
  <ming>乐水</ming> 
  <ming>乐天</ming> 
  <ming>乐童</ming> 
  <ming>乐贤</ming> 
  <ming>乐心</ming> 
  <ming>乐欣</ming> 
  <ming>乐逸</ming> 
  <ming>乐意</ming> 
  <ming>乐音</ming> 
  <ming>乐咏</ming> 
  <ming>乐游</ming> 
  <ming>乐语</ming> 
  <ming>乐悦</ming> 
  <ming>乐湛</ming> 
  <ming>乐章</ming> 
  <ming>乐正</ming> 
  <ming>乐志</ming> 
  <ming>黎昕</ming> 
  <ming>黎明</ming> 
  <ming>力夫</ming> 
  <ming>力强</ming> 
  <ming>力勤</ming> 
  <ming>力行</ming> 
  <ming>力学</ming> 
  <ming>力言</ming> 
  <ming>立诚</ming> 
  <ming>立果</ming> 
  <ming>立人</ming> 
  <ming>立辉</ming> 
  <ming>立轩</ming> 
  <ming>立群</ming> 
  <ming>良奥</ming> 
  <ming>良弼</ming> 
  <ming>良才</ming> 
  <ming>良材</ming> 
  <ming>良策</ming> 
  <ming>良畴</ming> 
  <ming>良工</ming> 
  <ming>良翰</ming> 
  <ming>良吉</ming> 
  <ming>良骥</ming> 
  <ming>良俊</ming> 
  <ming>良骏</ming> 
  <ming>良朋</ming> 
  <ming>良平</ming> 
  <ming>良哲</ming> 
  <ming>理群</ming> 
  <ming>理全</ming> 
  <ming>茂才</ming> 
  <ming>茂材</ming> 
  <ming>茂德</ming> 
  <ming>茂典</ming> 
  <ming>茂实</ming> 
  <ming>茂学</ming> 
  <ming>茂勋</ming> 
  <ming>茂彦</ming> 
  <ming>敏博</ming> 
  <ming>敏才</ming> 
  <ming>敏达</ming> 
  <ming>敏叡</ming> 
  <ming>敏学</ming> 
  <ming>敏智</ming> 
  <ming>明诚</ming> 
  <ming>明达</ming> 
  <ming>明德</ming> 
  <ming>明辉</ming> 
  <ming>明杰</ming> 
  <ming>明俊</ming> 
  <ming>明朗</ming> 
  <ming>明亮</ming> 
  <ming>明旭</ming> 
  <ming>明煦</ming> 
  <ming>明轩</ming> 
  <ming>明远</ming> 
  <ming>明哲</ming> 
  <ming>明喆</ming> 
  <ming>明知</ming> 
  <ming>明志</ming> 
  <ming>明智</ming> 
  <ming>明珠</ming> 
  <ming>朋兴</ming> 
  <ming>朋义</ming> 
  <ming>彭勃</ming> 
  <ming>彭薄</ming> 
  <ming>彭湃</ming> 
  <ming>彭彭</ming> 
  <ming>彭魄</ming> 
  <ming>彭越</ming> 
  <ming>彭泽</ming> 
  <ming>彭祖</ming> 
  <ming>鹏程</ming> 
  <ming>鹏池</ming> 
  <ming>鹏飞</ming> 
  <ming>鹏赋</ming> 
  <ming>鹏海</ming> 
  <ming>鹏鲸</ming> 
  <ming>鹏举</ming> 
  <ming>鹏鹍</ming> 
  <ming>鹏鲲</ming> 
  <ming>鹏涛</ming> 
  <ming>鹏天</ming> 
  <ming>鹏翼</ming> 
  <ming>鹏云</ming> 
  <ming>鹏运</ming> 
  <ming>濮存</ming> 
  <ming>溥心</ming> 
  <ming>璞玉</ming> 
  <ming>璞瑜</ming> 
  <ming>浦和</ming> 
  <ming>浦泽</ming> 
  <ming>奇略</ming> 
  <ming>奇迈</ming> 
  <ming>奇胜</ming> 
  <ming>奇水</ming> 
  <ming>奇思</ming> 
  <ming>奇邃</ming> 
  <ming>奇伟</ming> 
  <ming>奇玮</ming> 
  <ming>奇文</ming> 
  <ming>奇希</ming> 
  <ming>奇逸</ming> 
  <ming>奇正</ming> 
  <ming>奇志</ming> 
  <ming>奇致</ming> 
  <ming>祺福</ming> 
  <ming>祺然</ming> 
  <ming>祺祥</ming> 
  <ming>祺瑞</ming> 
  <ming>琪睿</ming> 
  <ming>庆生</ming> 
  <ming>荣轩</ming> 
  <ming>锐达</ming> 
  <ming>锐锋</ming> 
  <ming>锐翰</ming> 
  <ming>锐进</ming> 
  <ming>锐精</ming> 
  <ming>锐立</ming> 
  <ming>锐利</ming> 
  <ming>锐思</ming> 
  <ming>锐逸</ming> 
  <ming>锐意</ming> 
  <ming>锐藻</ming> 
  <ming>锐泽</ming> 
  <ming>锐阵</ming> 
  <ming>锐志</ming> 
  <ming>锐智</ming> 
  <ming>睿博</ming> 
  <ming>睿才</ming> 
  <ming>睿诚</ming> 
  <ming>睿慈</ming> 
  <ming>睿聪</ming> 
  <ming>睿达</ming> 
  <ming>睿德</ming> 
  <ming>睿范</ming> 
  <ming>睿广</ming> 
  <ming>睿好</ming> 
  <ming>睿明</ming> 
  <ming>睿识</ming> 
  <ming>睿思</ming> 
  <ming>绍辉</ming> 
  <ming>绍钧</ming> 
  <ming>绍祺</ming> 
  <ming>绍元</ming> 
  <ming>升荣</ming> 
  <ming>圣杰</ming> 
  <ming>晟睿</ming> 
  <ming>思聪</ming> 
  <ming>思淼</ming> 
  <ming>思源</ming> 
  <ming>思远</ming> 
  <ming>思博</ming> 
  <ming>斯年</ming> 
  <ming>斯伯</ming> 
  <ming>泰初</ming> 
  <ming>泰和</ming> 
  <ming>泰河</ming> 
  <ming>泰鸿</ming> 
  <ming>泰华</ming> 
  <ming>泰宁</ming> 
  <ming>泰平</ming> 
  <ming>泰清</ming> 
  <ming>泰然</ming> 
  <ming>天材</ming> 
  <ming>天成</ming> 
  <ming>天赋</ming> 
  <ming>天干</ming> 
  <ming>天罡</ming> 
  <ming>天工</ming> 
  <ming>天翰</ming> 
  <ming>天和</ming> 
  <ming>天华</ming> 
  <ming>天骄</ming> 
  <ming>天空</ming> 
  <ming>天禄</ming> 
  <ming>天路</ming> 
  <ming>天瑞</ming> 
  <ming>天睿</ming> 
  <ming>天逸</ming> 
  <ming>天佑</ming> 
  <ming>天宇</ming> 
  <ming>天元</ming> 
  <ming>天韵</ming> 
  <ming>天泽</ming> 
  <ming>天纵</ming> 
  <ming>同方</ming> 
  <ming>同甫</ming> 
  <ming>同光</ming> 
  <ming>同和</ming> 
  <ming>同化</ming> 
  <ming>同济</ming> 
  <ming>巍昂</ming> 
  <ming>巍然</ming> 
  <ming>巍奕</ming> 
  <ming>伟博</ming> 
  <ming>伟毅</ming> 
  <ming>伟才</ming> 
  <ming>伟诚</ming> 
  <ming>伟茂</ming> 
  <ming>伟懋</ming> 
  <ming>伟祺</ming> 
  <ming>伟彦</ming> 
  <ming>伟晔</ming> 
  <ming>伟泽</ming> 
  <ming>伟兆</ming> 
  <ming>伟志</ming> 
  <ming>温纶</ming> 
  <ming>温茂</ming> 
  <ming>温书</ming> 
  <ming>温韦</ming> 
  <ming>温文</ming> 
  <ming>温瑜</ming> 
  <ming>文柏</ming> 
  <ming>文昌</ming> 
  <ming>文成</ming> 
  <ming>文德</ming> 
  <ming>文栋</ming> 
  <ming>文赋</ming> 
  <ming>文光</ming> 
  <ming>文翰</ming> 
  <ming>文虹</ming> 
  <ming>文华</ming> 
  <ming>文康</ming> 
  <ming>文乐</ming> 
  <ming>文林</ming> 
  <ming>文敏</ming> 
  <ming>文瑞</ming> 
  <ming>文山</ming> 
  <ming>文石</ming> 
  <ming>文星</ming> 
  <ming>文轩</ming> 
  <ming>文宣</ming> 
  <ming>文彦</ming> 
  <ming>文曜</ming> 
  <ming>文耀</ming> 
  <ming>文斌</ming> 
  <ming>文彬</ming> 
  <ming>文滨</ming> 
  <ming>向晨</ming> 
  <ming>向笛</ming> 
  <ming>向文</ming> 
  <ming>向明</ming> 
  <ming>向荣</ming> 
  <ming>向阳</ming> 
  <ming>翔宇</ming> 
  <ming>翔飞</ming> 
  <ming>项禹</ming> 
  <ming>项明</ming> 
  <ming>晓博</ming> 
  <ming>心水</ming> 
  <ming>心思</ming> 
  <ming>心远</ming> 
  <ming>欣德</ming> 
  <ming>欣嘉</ming> 
  <ming>欣可</ming> 
  <ming>欣然</ming> 
  <ming>欣荣</ming> 
  <ming>欣怡</ming> 
  <ming>欣怿</ming> 
  <ming>欣悦</ming> 
  <ming>新翰</ming> 
  <ming>新霁</ming> 
  <ming>新觉</ming> 
  <ming>新立</ming> 
  <ming>新荣</ming> 
  <ming>新知</ming> 
  <ming>信鸿</ming> 
  <ming>信厚</ming> 
  <ming>信鸥</ming> 
  <ming>信然</ming> 
  <ming>信瑞</ming> 
  <ming>兴安</ming> 
  <ming>兴邦</ming> 
  <ming>兴昌</ming> 
  <ming>兴朝</ming> 
  <ming>兴德</ming> 
  <ming>兴发</ming> 
  <ming>兴国</ming> 
  <ming>兴怀</ming> 
  <ming>兴平</ming> 
  <ming>兴庆</ming> 
  <ming>兴生</ming> 
  <ming>兴思</ming> 
  <ming>兴腾</ming> 
  <ming>兴旺</ming> 
  <ming>兴为</ming> 
  <ming>兴文</ming> 
  <ming>兴贤</ming> 
  <ming>兴修</ming> 
  <ming>兴学</ming> 
  <ming>兴言</ming> 
  <ming>兴业</ming> 
  <ming>兴运</ming> 
  <ming>星波</ming> 
  <ming>星辰</ming> 
  <ming>星驰</ming> 
  <ming>星光</ming> 
  <ming>星海</ming> 
  <ming>星汉</ming> 
  <ming>星河</ming> 
  <ming>星华</ming> 
  <ming>星晖</ming> 
  <ming>星火</ming> 
  <ming>星剑</ming> 
  <ming>星津</ming> 
  <ming>星阑</ming> 
  <ming>星纬</ming> 
  <ming>星文</ming> 
  <ming>星宇</ming> 
  <ming>星雨</ming> 
  <ming>星渊</ming> 
  <ming>星洲</ming> 
  <ming>修诚</ming> 
  <ming>修德</ming> 
  <ming>修杰</ming> 
  <ming>修洁</ming> 
  <ming>修谨</ming> 
  <ming>修筠</ming> 
  <ming>修明</ming> 
  <ming>修能</ming> 
  <ming>修平</ming> 
  <ming>修齐</ming> 
  <ming>修然</ming> 
  <ming>修为</ming> 
  <ming>修伟</ming> 
  <ming>修文</ming> 
  <ming>修雅</ming> 
  <ming>修永</ming> 
  <ming>修远</ming> 
  <ming>修真</ming> 
  <ming>修竹</ming> 
  <ming>修贤</ming> 
  <ming>旭尧</ming> 
  <ming>炫明</ming> 
  <ming>学博</ming> 
  <ming>学海</ming> 
  <ming>学林</ming> 
  <ming>学民</ming> 
  <ming>学名</ming> 
  <ming>学文</ming> 
  <ming>学义</ming> 
  <ming>学真</ming> 
  <ming>雪松</ming> 
  <ming>雪峰</ming> 
  <ming>雪风</ming> 
  <ming>雅昶</ming> 
  <ming>雅畅</ming> 
  <ming>雅达</ming> 
  <ming>雅惠</ming> 
  <ming>雅健</ming> 
  <ming>雅珺</ming> 
  <ming>雅逸</ming> 
  <ming>雅懿</ming> 
  <ming>雅志</ming> 
  <ming>炎彬</ming> 
  <ming>阳飙</ming> 
  <ming>阳飇</ming> 
  <ming>阳冰</ming> 
  <ming>阳波</ming> 
  <ming>阳伯</ming> 
  <ming>阳成</ming> 
  <ming>阳德</ming> 
  <ming>阳华</ming> 
  <ming>阳晖</ming> 
  <ming>阳辉</ming> 
  <ming>阳嘉</ming> 
  <ming>阳平</ming> 
  <ming>阳秋</ming> 
  <ming>阳荣</ming> 
  <ming>阳舒</ming> 
  <ming>阳朔</ming> 
  <ming>阳文</ming> 
  <ming>阳曦</ming> 
  <ming>阳夏</ming> 
  <ming>阳旭</ming> 
  <ming>阳煦</ming> 
  <ming>阳炎</ming> 
  <ming>阳焱</ming> 
  <ming>阳曜</ming> 
  <ming>阳羽</ming> 
  <ming>阳云</ming> 
  <ming>阳泽</ming> 
  <ming>阳州</ming> 
  <ming>烨赫</ming> 
  <ming>烨华</ming> 
  <ming>烨磊</ming> 
  <ming>烨霖</ming> 
  <ming>烨然</ming> 
  <ming>烨烁</ming> 
  <ming>烨伟</ming> 
  <ming>烨烨</ming> 
  <ming>烨熠</ming> 
  <ming>烨煜</ming> 
  <ming>毅然</ming> 
  <ming>逸仙</ming> 
  <ming>逸明</ming> 
  <ming>逸春</ming> 
  <ming>宜春</ming> 
  <ming>宜民</ming> 
  <ming>宜年</ming> 
  <ming>宜然</ming> 
  <ming>宜人</ming> 
  <ming>宜修</ming> 
  <ming>意远</ming> 
  <ming>意蕴</ming> 
  <ming>意致</ming> 
  <ming>意智</ming> 
  <ming>熠彤</ming> 
  <ming>懿轩</ming> 
  <ming>英飙</ming> 
  <ming>英博</ming> 
  <ming>英才</ming> 
  <ming>英达</ming> 
  <ming>英发</ming> 
  <ming>英范</ming> 
  <ming>英光</ming> 
  <ming>英豪</ming> 
  <ming>英华</ming> 
  <ming>英杰</ming> 
  <ming>英朗</ming> 
  <ming>英锐</ming> 
  <ming>英睿</ming> 
  <ming>英叡</ming> 
  <ming>英韶</ming> 
  <ming>英卫</ming> 
  <ming>英武</ming> 
  <ming>英悟</ming> 
  <ming>英勋</ming> 
  <ming>英彦</ming> 
  <ming>英耀</ming> 
  <ming>英奕</ming> 
  <ming>英逸</ming> 
  <ming>英毅</ming> 
  <ming>英哲</ming> 
  <ming>英喆</ming> 
  <ming>英卓</ming> 
  <ming>英资</ming> 
  <ming>英纵</ming> 
  <ming>永怡</ming> 
  <ming>永春</ming> 
  <ming>永安</ming> 
  <ming>永昌</ming> 
  <ming>永长</ming> 
  <ming>永丰</ming> 
  <ming>永福</ming> 
  <ming>永嘉</ming> 
  <ming>永康</ming> 
  <ming>永年</ming> 
  <ming>永宁</ming> 
  <ming>永寿</ming> 
  <ming>永思</ming> 
  <ming>永望</ming> 
  <ming>永新</ming> 
  <ming>永言</ming> 
  <ming>永逸</ming> 
  <ming>永元</ming> 
  <ming>永贞</ming> 
  <ming>咏德</ming> 
  <ming>咏歌</ming> 
  <ming>咏思</ming> 
  <ming>咏志</ming> 
  <ming>勇男</ming> 
  <ming>勇军</ming> 
  <ming>勇捷</ming> 
  <ming>勇锐</ming> 
  <ming>勇毅</ming> 
  <ming>宇达</ming> 
  <ming>宇航</ming> 
  <ming>宇寰</ming> 
  <ming>宇文</ming> 
  <ming>宇荫</ming> 
  <ming>雨伯</ming> 
  <ming>雨华</ming> 
  <ming>雨石</ming> 
  <ming>雨信</ming> 
  <ming>雨星</ming> 
  <ming>雨泽</ming> 
  <ming>玉宸</ming> 
  <ming>玉成</ming> 
  <ming>玉龙</ming> 
  <ming>玉泉</ming> 
  <ming>玉山</ming> 
  <ming>玉石</ming> 
  <ming>玉书</ming> 
  <ming>玉树</ming> 
  <ming>玉堂</ming> 
  <ming>玉轩</ming> 
  <ming>玉宇</ming> 
  <ming>玉韵</ming> 
  <ming>玉泽</ming> 
  <ming>煜祺</ming> 
  <ming>元白</ming> 
  <ming>元德</ming> 
  <ming>元化</ming> 
  <ming>元基</ming> 
  <ming>元嘉</ming> 
  <ming>元甲</ming> 
  <ming>元驹</ming> 
  <ming>元凯</ming> 
  <ming>元恺</ming> 
  <ming>元魁</ming> 
  <ming>元良</ming> 
  <ming>元亮</ming> 
  <ming>元龙</ming> 
  <ming>元明</ming> 
  <ming>元青</ming> 
  <ming>元思</ming> 
  <ming>元纬</ming> 
  <ming>元武</ming> 
  <ming>元勋</ming> 
  <ming>元正</ming> 
  <ming>元忠</ming> 
  <ming>元洲</ming> 
  <ming>远航</ming> 
  <ming>苑博</ming> 
  <ming>苑杰</ming> 
  <ming>越彬</ming> 
  <ming>蕴涵</ming> 
  <ming>蕴和</ming> 
  <ming>蕴藉</ming> 
  <ming>展鹏</ming> 
  <ming>哲瀚</ming> 
  <ming>哲茂</ming> 
  <ming>哲圣</ming> 
  <ming>哲彦</ming> 
  <ming>振海</ming> 
  <ming>振国</ming> 
  <ming>正诚</ming> 
  <ming>正初</ming> 
  <ming>正德</ming> 
  <ming>正浩</ming> 
  <ming>正豪</ming> 
  <ming>正平</ming> 
  <ming>正奇</ming> 
  <ming>正青</ming> 
  <ming>正卿</ming> 
  <ming>正文</ming> 
  <ming>正祥</ming> 
  <ming>正信</ming> 
  <ming>正雅</ming> 
  <ming>正阳</ming> 
  <ming>正业</ming> 
  <ming>正谊</ming> 
  <ming>正真</ming> 
  <ming>正志</ming> 
  <ming>志诚</ming> 
  <ming>志新</ming> 
  <ming>志勇</ming> 
  <ming>志明</ming> 
  <ming>志国</ming> 
  <ming>志强</ming> 
  <ming>志尚</ming> 
  <ming>志专</ming> 
  <ming>志文</ming> 
  <ming>志行</ming> 
  <ming>志学</ming> 
  <ming>志业</ming> 
  <ming>志义</ming> 
  <ming>志用</ming> 
  <ming>志泽</ming> 
  <ming>致远</ming> 
  <ming>智明</ming> 
  <ming>智鑫</ming> 
  <ming>智勇</ming> 
  <ming>智敏</ming> 
  <ming>智志</ming> 
  <ming>智渊</ming> 
  <ming>子安</ming> 
  <ming>子晋</ming> 
  <ming>子民</ming> 
  <ming>子明</ming> 
  <ming>子默</ming> 
  <ming>子墨</ming> 
  <ming>子平</ming> 
  <ming>子琪</ming> 
  <ming>子石</ming> 
  <ming>子实</ming> 
  <ming>子真</ming> 
  <ming>子濯</ming> 
  <ming>子昂</ming> 
  <ming>子轩</ming> 
  <ming>子瑜</ming> 
  <ming>自明</ming> 
  <ming>自强</ming> 
  <ming>作人</ming> 
  <ming>自怡</ming> 
  <ming>自珍</ming> 
  <ming>曾琪</ming> 
  <ming>泽宇</ming> 
  <ming>泽语</ming> 
</all-ming-config>
