<?xml version="1.0" encoding="utf-8" ?> 
<LinkedList>
	  <item>赵</item> 
	  <item>钱</item> 
	  <item>孙</item> 
	  <item>李</item> 
	  <item>周</item> 
	  <item>吴</item> 
	  <item>郑</item> 
	  <item>王</item> 
	  <item>冯</item> 
	  <item>陈</item> 
	  <item>褚</item> 
	  <item>卫</item> 
	  <item>蒋</item> 
	  <item>沈</item> 
	  <item>韩</item> 
	  <item>杨</item> 
	  <item>朱</item> 
	  <item>秦</item> 
	  <item>尤</item> 
	  <item>许</item> 
	  <item>何</item> 
	  <item>吕</item> 
	  <item>施</item> 
	  <item>张</item> 
	  <item>孔</item> 
	  <item>曹</item> 
	  <item>严</item> 
	  <item>华</item> 
	  <item>金</item> 
	  <item>魏</item> 
	  <item>陶</item> 
	  <item>姜</item> 
	  <item>戚</item> 
	  <item>谢</item> 
	  <item>邹</item> 
	  <item>喻</item> 
	  <item>柏</item> 
	  <item>水</item> 
	  <item>窦</item> 
	  <item>章</item> 
	  <item>云</item> 
	  <item>苏</item> 
	  <item>潘</item> 
	  <item>葛</item> 
	  <item>奚</item> 
	  <item>范</item> 
	  <item>彭</item> 
	  <item>郎</item> 
	  <item>鲁</item> 
	  <item>韦</item> 
	  <item>昌</item> 
	  <item>马</item> 
	  <item>苗</item> 
	  <item>凤</item> 
	  <item>花</item> 
	  <item>方</item> 
	  <item>俞</item> 
	  <item>任</item> 
	  <item>袁</item> 
	  <item>柳</item> 
	  <item>酆</item> 
	  <item>鲍</item> 
	  <item>史</item> 
	  <item>唐</item> 
	  <item>费</item> 
	  <item>廉</item> 
	  <item>岑</item> 
	  <item>薛</item> 
	  <item>雷</item> 
	  <item>贺</item> 
	  <item>倪</item> 
	  <item>汤</item> 
	  <item>滕</item> 
	  <item>殷</item> 
	  <item>罗</item> 
	  <item>毕</item> 
	  <item>郝</item> 
	  <item>邬</item> 
	  <item>安</item> 
	  <item>常</item> 
	  <item>乐</item> 
	  <item>于</item> 
	  <item>时</item> 
	  <item>傅</item> 
	  <item>皮</item> 
	  <item>卞</item> 
	  <item>齐</item> 
	  <item>康</item> 
	  <item>伍</item> 
	  <item>余</item> 
	  <item>元</item> 
	  <item>卜</item> 
	  <item>顾</item> 
	  <item>孟</item> 
	  <item>平</item> 
	  <item>黄</item> 
	  <item>和</item> 
	  <item>穆</item> 
	  <item>萧</item> 
	  <item>尹</item> 
	  <item>姚</item> 
	  <item>邵</item> 
	  <item>湛</item> 
	  <item>汪</item> 
	  <item>祁</item> 
	  <item>毛</item> 
	  <item>禹</item> 
	  <item>狄</item> 
	  <item>米</item> 
	  <item>贝</item> 
	  <item>明</item> 
	  <item>臧</item> 
	  <item>计</item> 
	  <item>伏</item> 
	  <item>成</item> 
	  <item>戴</item> 
	  <item>谈</item> 
	  <item>宋</item> 
	  <item>茅</item> 
	  <item>房</item> 
	  <item>庞</item> 
	  <item>熊</item> 
	  <item>纪</item> 
	  <item>舒</item> 
	  <item>屈</item> 
	  <item>项</item> 
	  <item>祝</item> 
	  <item>董</item> 
	  <item>梁</item> 
	  <item>杜</item> 
	  <item>阮</item> 
	  <item>蓝</item> 
	  <item>闵</item> 
	  <item>席</item> 
	  <item>季</item> 
	  <item>麻</item> 
	  <item>强</item> 
	  <item>贾</item> 
	  <item>路</item> 
	  <item>娄</item> 
	  <item>危</item> 
	  <item>江</item> 
	  <item>童</item> 
	  <item>颜</item> 
	  <item>郭</item> 
	  <item>梅</item> 
	  <item>盛</item> 
	  <item>林</item> 
	  <item>刁</item> 
	  <item>钟</item> 
	  <item>徐</item> 
	  <item>邱</item> 
	  <item>骆</item> 
	  <item>高</item> 
	  <item>夏</item> 
	  <item>蔡</item> 
	  <item>田</item> 
	  <item>樊</item> 
	  <item>胡</item> 
	  <item>凌</item> 
	  <item>霍</item> 
	  <item>虞</item> 
	  <item>万</item> 
	  <item>支</item> 
	  <item>柯</item> 
	  <item>昝</item> 
	  <item>管</item> 
	  <item>卢</item> 
	  <item>莫</item> 
	  <item>经</item> 
	  <item>房</item> 
	  <item>裘</item> 
	  <item>缪</item> 
	  <item>干</item> 
	  <item>解</item> 
	  <item>应</item> 
	  <item>宗</item> 
	  <item>丁</item> 
	  <item>宣</item> 
	  <item>贲</item> 
	  <item>邓</item> 
	  <item>郁</item> 
	  <item>单</item> 
	  <item>杭</item> 
	  <item>洪</item> 
	  <item>包</item> 
	  <item>诸</item> 
	  <item>左</item> 
	  <item>石</item> 
	  <item>崔</item> 
	  <item>吉</item> 
	  <item>钮</item> 
	  <item>龚</item> 
	  <item>程</item> 
	  <item>嵇</item> 
	  <item>邢</item> 
	  <item>滑</item> 
	  <item>裴</item> 
	  <item>陆</item> 
	  <item>荣</item> 
	  <item>翁</item> 
	  <item>荀</item> 
	  <item>羊</item> 
	  <item>于</item> 
	  <item>惠</item> 
	  <item>甄</item> 
	  <item>曲</item> 
	  <item>家</item> 
	  <item>封</item> 
	  <item>芮</item> 
	  <item>羿</item> 
	  <item>储</item> 
	  <item>靳</item> 
	  <item>汲</item> 
	  <item>邴</item> 
	  <item>糜</item> 
	  <item>松</item> 
	  <item>井</item> 
	  <item>段</item> 
	  <item>富</item> 
	  <item>巫</item> 
	  <item>乌</item> 
	  <item>焦</item> 
	  <item>巴</item> 
	  <item>弓</item> 
	  <item>牧</item> 
	  <item>隗</item> 
	  <item>山</item> 
	  <item>谷</item> 
	  <item>车</item> 
	  <item>侯</item> 
	  <item>宓</item> 
	  <item>蓬</item> 
	  <item>全</item> 
	  <item>郗</item> 
	  <item>班</item> 
	  <item>仰</item> 
	  <item>秋</item> 
	  <item>仲</item> 
	  <item>伊</item> 
	  <item>宫</item> 
	  <item>宁</item> 
	  <item>仇</item> 
	  <item>栾</item> 
	  <item>暴</item> 
	  <item>甘</item> 
	  <item>钭</item> 
	  <item>厉</item> 
	  <item>戎</item> 
	  <item>祖</item> 
	  <item>武</item> 
	  <item>符</item> 
	  <item>刘</item> 
	  <item>景</item> 
	  <item>詹</item> 
	  <item>束</item> 
	  <item>龙</item> 
	  <item>叶</item> 
	  <item>幸</item> 
	  <item>司</item> 
	  <item>韶</item> 
	  <item>郜</item> 
	  <item>黎</item> 
	  <item>蓟</item> 
	  <item>溥</item> 
	  <item>印</item> 
	  <item>宿</item> 
	  <item>白</item> 
	  <item>怀</item> 
	  <item>蒲</item> 
	  <item>邰</item> 
	  <item>从</item> 
	  <item>鄂</item> 
	  <item>索</item> 
	  <item>咸</item> 
	  <item>籍</item> 
	  <item>赖</item> 
	  <item>卓</item> 
	  <item>蔺</item> 
	  <item>屠</item> 
	  <item>蒙</item> 
	  <item>池</item> 
	  <item>乔</item> 
	  <item>阴</item> 
	  <item>郁</item> 
	  <item>胥</item> 
	  <item>能</item> 
	  <item>苍</item> 
	  <item>双</item> 
	  <item>闻</item> 
	  <item>莘</item> 
	  <item>党</item> 
	  <item>翟</item> 
	  <item>谭</item> 
	  <item>贡</item> 
	  <item>劳</item> 
	  <item>逄</item> 
	  <item>姬</item> 
	  <item>申</item> 
	  <item>扶</item> 
	  <item>堵</item> 
	  <item>冉</item> 
	  <item>宰</item> 
	  <item>郦</item> 
	  <item>雍</item> 
	  <item>却</item> 
	  <item>璩</item> 
	  <item>桑</item> 
	  <item>桂</item> 
	  <item>濮</item> 
	  <item>牛</item> 
	  <item>寿</item> 
	  <item>通</item> 
	  <item>边</item> 
	  <item>扈</item> 
	  <item>燕</item> 
	  <item>冀</item> 
	  <item>浦</item> 
	  <item>尚</item> 
	  <item>农</item> 
	  <item>温</item> 
	  <item>别</item> 
	  <item>庄</item> 
	  <item>晏</item> 
	  <item>柴</item> 
	  <item>瞿</item> 
	  <item>阎</item> 
	  <item>充</item> 
	  <item>慕</item> 
	  <item>连</item> 
	  <item>茹</item> 
	  <item>习</item> 
	  <item>宦</item> 
	  <item>艾</item> 
	  <item>鱼</item> 
	  <item>容</item> 
	  <item>向</item> 
	  <item>古</item> 
	  <item>易</item> 
	  <item>慎</item> 
	  <item>戈</item> 
	  <item>廖</item> 
	  <item>庾</item> 
	  <item>终</item> 
	  <item>暨</item> 
	  <item>居</item> 
	  <item>衡</item> 
	  <item>步</item> 
	  <item>都</item> 
	  <item>耿</item> 
	  <item>满</item> 
	  <item>弘</item> 
	  <item>匡</item> 
	  <item>国</item> 
	  <item>文</item> 
	  <item>寇</item> 
	  <item>广</item> 
	  <item>禄</item> 
	  <item>阙</item> 
	  <item>东</item> 
	  <item>欧</item> 
	  <item>殳</item> 
	  <item>沃</item> 
	  <item>利</item> 
	  <item>蔚</item> 
	  <item>越</item> 
	  <item>夔</item> 
	  <item>隆</item> 
	  <item>师</item> 
	  <item>巩</item> 
	  <item>厍</item> 
	  <item>聂</item> 
	  <item>晁</item> 
	  <item>勾</item> 
	  <item>敖</item> 
	  <item>融</item> 
	  <item>冷</item> 
	  <item>訾</item> 
	  <item>辛</item> 
	  <item>阚</item> 
	  <item>那</item> 
	  <item>简</item> 
	  <item>饶</item> 
	  <item>空</item> 
	  <item>曾</item> 
	  <item>毋</item> 
	  <item>沙</item> 
	  <item>乜</item> 
	  <item>养</item> 
	  <item>鞠</item> 
	  <item>须</item> 
	  <item>丰</item> 
	  <item>巢</item> 
	  <item>关</item> 
	  <item>蒯</item> 
	  <item>相</item> 
	  <item>查</item> 
	  <item>后</item> 
	  <item>荆</item> 
	  <item>红</item> 
	  <item>游</item> 
	  <item>郏</item> 
	  <item>竺</item> 
	  <item>权</item> 
	  <item>逯</item> 
	  <item>盖</item> 
	  <item>益</item> 
	  <item>桓</item> 
	  <item>公</item> 
	  <item>仉</item> 
	  <item>督</item> 
	  <item>岳</item> 
	  <item>帅</item> 
	  <item>缑</item> 
	  <item>亢</item> 
	  <item>况</item> 
	  <item>郈</item> 
	  <item>有</item> 
	  <item>琴</item> 
	  <item>归</item> 
	  <item>海</item> 
	  <item>晋</item> 
	  <item>楚</item> 
	  <item>闫</item> 
	  <item>法</item> 
	  <item>汝</item> 
	  <item>鄢</item> 
	  <item>涂</item> 
	  <item>钦</item> 
	  <item>商</item> 
	  <item>牟</item> 
	  <item>佘</item> 
	  <item>佴</item> 
	  <item>伯</item> 
	  <item>赏</item> 
	  <item>墨</item> 
	  <item>哈</item> 
	  <item>谯</item> 
	  <item>篁</item> 
	  <item>年</item> 
	  <item>爱</item> 
	  <item>阳</item> 
	  <item>佟</item> 
	  <item>言</item> 
	  <item>福</item> 
	  <item>南</item> 
	  <item>火</item> 
	  <item>铁</item> 
	  <item>迟</item> 
	  <item>漆</item> 
	  <item>官</item> 
	  <item>冼</item> 
	  <item>真</item> 
	  <item>展</item> 
	  <item>繁</item> 
	  <item>檀</item> 
	  <item>祭</item> 
	  <item>密</item> 
	  <item>敬</item> 
	  <item>揭</item> 
	  <item>舜</item> 
	  <item>楼</item> 
	  <item>疏</item> 
	  <item>冒</item> 
	  <item>浑</item> 
	  <item>挚</item> 
	  <item>胶</item> 
	  <item>随</item> 
	  <item>高</item> 
	  <item>皋</item> 
	  <item>原</item> 
	  <item>种</item> 
	  <item>练</item> 
	  <item>弥</item> 
	  <item>仓</item> 
	  <item>眭</item> 
	  <item>蹇</item> 
	  <item>覃</item> 
	  <item>阿</item> 
	  <item>门</item> 
	  <item>恽</item> 
	  <item>来</item> 
	  <item>綦</item> 
	  <item>召</item> 
	  <item>仪</item> 
	  <item>风</item> 
	  <item>介</item> 
	  <item>巨</item> 
	  <item>木</item> 
	  <item>京</item> 
	  <item>狐</item> 
	  <item>郇</item> 
	  <item>虎</item> 
	  <item>枚</item> 
	  <item>抗</item> 
	  <item>达</item> 
	  <item>杞</item> 
	  <item>苌</item> 
	  <item>折</item> 
	  <item>麦</item> 
	  <item>庆</item> 
	  <item>过</item> 
	  <item>竹</item> 
	  <item>端</item> 
	  <item>鲜</item> 
	  <item>皇</item> 
	  <item>亓</item> 
	  <item>老</item> 
	  <item>是</item> 
	  <item>秘</item> 
	  <item>畅</item> 
	  <item>邝</item> 
	  <item>还</item> 
	  <item>宾</item> 
	  <item>闾</item> 
	  <item>辜</item> 
	  <item>万俟</item> 
	  <item>司马</item> 
	  <item>上官</item> 
	  <item>欧阳</item> 
	  <item>夏侯</item> 
	  <item>诸葛</item> 
	  <item>闻人</item> 
	  <item>东方</item> 
	  <item>赫连</item> 
	  <item>皇甫</item> 
	  <item>羊舌</item> 
	  <item>尉迟</item> 
	  <item>公羊</item> 
	  <item>澹台</item> 
	  <item>公冶</item> 
	  <item>宗正</item> 
	  <item>濮阳</item> 
	  <item>淳于</item> 
	  <item>单于</item> 
	  <item>太叔</item> 
	  <item>申屠</item> 
	  <item>公孙</item> 
	  <item>仲孙</item> 
	  <item>轩辕</item> 
	  <item>令狐</item> 
	  <item>钟离</item> 
	  <item>宇文</item> 
	  <item>长孙</item> 
	  <item>慕容</item> 
	  <item>鲜于</item> 
	  <item>闾丘</item> 
	  <item>司徒</item> 
	  <item>司空</item> 
	  <item>兀官</item> 
	  <item>司寇</item> 
	  <item>南门</item> 
	  <item>呼延</item> 
	  <item>子车</item> 
	  <item>颛孙</item> 
	  <item>端木</item> 
	  <item>巫马</item> 
	  <item>公西</item> 
	  <item>漆雕</item> 
	  <item>车正</item> 
	  <item>壤驷</item> 
	  <item>公良</item> 
	  <item>拓跋</item> 
	  <item>夹谷</item> 
	  <item>宰父</item> 
	  <item>谷梁</item> 
	  <item>段干</item> 
	  <item>百里</item> 
	  <item>东郭</item> 
	  <item>微生</item> 
	  <item>梁丘</item> 
	  <item>左丘</item> 
	  <item>东门</item> 
	  <item>西门</item> 
	  <item>南宫</item> 
	  <item>第五</item> 
	  <item>公仪</item> 
	  <item>公乘</item> 
	  <item>太史</item> 
	  <item>仲长</item> 
	  <item>叔孙</item> 
	  <item>屈突</item> 
	  <item>尔朱</item> 
	  <item>东乡</item> 
	  <item>相里</item> 
	  <item>胡母</item> 
	  <item>司城</item> 
	  <item>张廖</item> 
	  <item>雍门</item> 
	  <item>毋丘</item> 
	  <item>贺兰</item> 
	  <item>独孤</item> 
	  <item>南郭</item> 
</LinkedList>