<?xml version="1.0" encoding="utf-8"?> 
<all-ming-config>
  <ming>俞</ming> 
  <ming>倩</ming> 
  <ming>倪</ming> 
  <ming>倰</ming> 
  <ming>偀</ming> 
  <ming>偲</ming> 
  <ming>妆</ming> 
  <ming>佳</ming> 
  <ming>亿</ming> 
  <ming>仪</ming> 
  <ming>寒</ming> 
  <ming>宜</ming> 
  <ming>女</ming> 
  <ming>奴</ming> 
  <ming>妶</ming> 
  <ming>好</ming> 
  <ming>妃</ming> 
  <ming>姗</ming> 
  <ming>姝</ming> 
  <ming>姹</ming> 
  <ming>姿</ming> 
  <ming>婵</ming> 
  <ming>姑</ming> 
  <ming>姜</ming> 
  <ming>姣</ming> 
  <ming>嫂</ming> 
  <ming>嫦</ming> 
  <ming>嫱</ming> 
  <ming>姬</ming> 
  <ming>娇</ming> 
  <ming>娟</ming> 
  <ming>嫣</ming> 
  <ming>婕</ming> 
  <ming>婧</ming> 
  <ming>娴</ming> 
  <ming>婉</ming> 
  <ming>姐</ming> 
  <ming>姞</ming> 
  <ming>姯</ming> 
  <ming>姲</ming> 
  <ming>姳</ming> 
  <ming>娘</ming> 
  <ming>娜</ming> 
  <ming>妹</ming> 
  <ming>妍</ming> 
  <ming>妙</ming> 
  <ming>妹</ming> 
  <ming>娆</ming> 
  <ming>娉</ming> 
  <ming>娥</ming> 
  <ming>媚</ming> 
  <ming>媱</ming> 
  <ming>嫔</ming> 
  <ming>婷</ming> 
  <ming>玟</ming> 
  <ming>环</ming> 
  <ming>珆</ming> 
  <ming>珊</ming> 
  <ming>珠</ming> 
  <ming>玲</ming> 
  <ming>珴</ming> 
  <ming>瑛</ming> 
  <ming>琼</ming> 
  <ming>瑶</ming> 
  <ming>瑾</ming> 
  <ming>瑞</ming> 
  <ming>珍</ming> 
  <ming>琦</ming> 
  <ming>玫</ming> 
  <ming>琪</ming> 
  <ming>琳</ming> 
  <ming>环</ming> 
  <ming>琬</ming> 
  <ming>瑗</ming> 
  <ming>琰</ming> 
  <ming>薇</ming> 
  <ming>珂</ming> 
  <ming>芬</ming> 
  <ming>芳</ming> 
  <ming>芯</ming> 
  <ming>花</ming> 
  <ming>茜</ming> 
  <ming>荭</ming> 
  <ming>荷</ming> 
  <ming>莲</ming> 
  <ming>莉</ming> 
  <ming>莹</ming> 
  <ming>菊</ming> 
  <ming>芝</ming> 
  <ming>萍</ming> 
  <ming>燕</ming> 
  <ming>苹</ming> 
  <ming>荣</ming> 
  <ming>草</ming> 
  <ming>蕊</ming> 
  <ming>芮</ming> 
  <ming>蓝</ming> 
  <ming>莎</ming> 
  <ming>菀</ming> 
  <ming>菁</ming> 
  <ming>苑</ming> 
  <ming>芸</ming> 
  <ming>芊</ming> 
  <ming>茗</ming> 
  <ming>荔</ming> 
  <ming>菲</ming> 
  <ming>蓉</ming> 
  <ming>英</ming> 
  <ming>蓓</ming> 
  <ming>蕾</ming> 
  <ming>薰</ming> 
  <ming>颖</ming> 
  <ming>芃</ming> 
  <ming>蔓</ming> 
  <ming>莓</ming> 
  <ming>曼</ming> 
  <ming>水</ming> 
  <ming>淼</ming> 
  <ming>滟</ming> 
  <ming>滢</ming> 
  <ming>淑</ming> 
  <ming>洁</ming> 
  <ming>清</ming> 
  <ming>澜</ming> 
  <ming>波</ming> 
  <ming>淞</ming> 
  <ming>渺</ming> 
  <ming>漩</ming> 
  <ming>漪</ming> 
  <ming>涟</ming> 
  <ming>湾</ming> 
  <ming>汇</ming> 
  <ming>冰</ming> 
  <ming>冷</ming> 
  <ming>冽</ming> 
  <ming>霜</ming> 
  <ming>雪</ming> 
  <ming>霞</ming> 
  <ming>霖</ming> 
  <ming>香</ming> 
  <ming>馡</ming> 
  <ming>馥</ming> 
  <ming>秋</ming> 
  <ming>秀</ming> 
  <ming>露</ming> 
  <ming>飘</ming> 
  <ming>育</ming> 
  <ming>滢</ming> 
  <ming>馥</ming> 
  <ming>筠</ming> 
  <ming>柔</ming> 
  <ming>竹</ming> 
  <ming>霭</ming> 
  <ming>凝</ming> 
  <ming>晓</ming> 
  <ming>欢</ming> 
  <ming>枫</ming> 
  <ming>巧</ming> 
  <ming>美</ming> 
  <ming>静</ming> 
  <ming>惠</ming> 
  <ming>翠</ming> 
  <ming>雅</ming> 
  <ming>红</ming> 
  <ming>春</ming> 
  <ming>岚</ming> 
  <ming>嵘</ming> 
  <ming>兰</ming> 
  <ming>羽</ming> 
  <ming>素</ming> 
  <ming>云</ming> 
  <ming>华</ming> 
  <ming>丽</ming> 
  <ming>俪</ming> 
  <ming>叆</ming> 
  <ming>呤</ming> 
  <ming>咛</ming> 
  <ming>囡</ming> 
  <ming>彩</ming> 
  <ming>彤</ming> 
  <ming>彨</ming> 
  <ming>怜</ming> 
  <ming>晴</ming> 
  <ming>月</ming> 
  <ming>明</ming> 
  <ming>晶</ming> 
  <ming>昭</ming> 
  <ming>星</ming> 
  <ming>卿</ming> 
  <ming>毓</ming> 
  <ming>可</ming> 
  <ming>璧</ming> 
  <ming>青</ming> 
  <ming>灵</ming> 
  <ming>彩</ming> 
  <ming>慧</ming> 
  <ming>盈</ming> 
  <ming>眉</ming> 
  <ming>艳</ming> 
  <ming>凡</ming> 
  <ming>凤</ming> 
  <ming>风</ming> 
  <ming>贞</ming> 
  <ming>勤</ming> 
  <ming>叶</ming> 
  <ming>雁</ming> 
  <ming>钰</ming> 
  <ming>嘉</ming> 
  <ming>锦</ming> 
  <ming>黛</ming> 
  <ming>怡</ming> 
  <ming>情</ming> 
  <ming>林</ming> 
  <ming>梦</ming> 
  <ming>越</ming> 
  <ming>悦</ming> 
  <ming>希</ming> 
  <ming>宁</ming> 
  <ming>欣</ming> 
  <ming>容</ming> 
  <ming>丹</ming> 
  <ming>彤</ming> 
  <ming>颜</ming> 
  <ming>影</ming> 
  <ming>韵</ming> 
  <ming>音</ming> 
  <ming>银</ming> 
  <ming>纯</ming> 
  <ming>纹</ming> 
  <ming>思</ming> 
  <ming>丝</ming> 
  <ming>纤</ming> 
  <ming>爽</ming> 
  <ming>舒</ming> 
  <ming>伊</ming> 
  <ming>依</ming> 
  <ming>亚</ming> 
  <ming>融</ming> 
  <ming>园</ming> 
  <ming>文</ming> 
  <ming>心</ming> 
  <ming>火</ming> 
  <ming>炎</ming> 
  <ming>烁</ming> 
  <ming>炫</ming> 
  <ming>煜</ming> 
  <ming>烟</ming> 
  <ming>炅</ming> 
  <ming>然</ming> 
  <ming>冉</ming> 
  <ming>平</ming> 
  <ming>屏</ming> 
  <ming>评</ming> 
  <ming>宛</ming> 
  <ming>玉</ming> 
  <ming>雨</ming> 
  <ming>安安</ming> 
  <ming>安吉</ming> 
  <ming>安静</ming> 
  <ming>安娜</ming> 
  <ming>安妮</ming> 
  <ming>安琪</ming> 
  <ming>安然</ming> 
  <ming>安娴</ming> 
  <ming>安祯</ming> 
  <ming>荌荌</ming> 
  <ming>奥婷</ming> 
  <ming>奥维</ming> 
  <ming>奥雅</ming> 
  <ming>北辰</ming> 
  <ming>北嘉</ming> 
  <ming>北晶</ming> 
  <ming>贝莉</ming> 
  <ming>贝丽</ming> 
  <ming>琲瓃</ming> 
  <ming>蓓蕾</ming> 
  <ming>碧菡</ming> 
  <ming>碧琳</ming> 
  <ming>碧莹</ming> 
  <ming>碧玉</ming> 
  <ming>冰冰</ming> 
  <ming>冰枫</ming> 
  <ming>冰洁</ming> 
  <ming>冰蓝</ming> 
  <ming>冰心</ming> 
  <ming>冰彦</ming> 
  <ming>冰莹</ming> 
  <ming>博丽</ming> 
  <ming>博敏</ming> 
  <ming>博雅</ming> 
  <ming>布凡</ming> 
  <ming>布侬</ming> 
  <ming>布欣</ming> 
  <ming>布衣</ming> 
  <ming>偲偲</ming> 
  <ming>采莲</ming> 
  <ming>采薇</ming> 
  <ming>采文</ming> 
  <ming>采萱</ming> 
  <ming>彩静</ming> 
  <ming>彩萱</ming> 
  <ming>彩妍</ming> 
  <ming>灿灿</ming> 
  <ming>婵娟</ming> 
  <ming>畅畅</ming> 
  <ming>畅然</ming> 
  <ming>唱月</ming> 
  <ming>朝旭</ming> 
  <ming>朝雨</ming> 
  <ming>琛丽</ming> 
  <ming>琛瑞</ming> 
  <ming>晨曦</ming> 
  <ming>晨旭</ming> 
  <ming>初然</ming> 
  <ming>初阳</ming> 
  <ming>楚楚</ming> 
  <ming>楚洁</ming> 
  <ming>楚云</ming> 
  <ming>春芳</ming> 
  <ming>春华</ming> 
  <ming>春娇</ming> 
  <ming>春兰</ming> 
  <ming>春岚</ming> 
  <ming>春梅</ming> 
  <ming>春桃</ming> 
  <ming>春晓</ming> 
  <ming>春雪</ming> 
  <ming>春燕</ming> 
  <ming>春英</ming> 
  <ming>春雨</ming> 
  <ming>淳静</ming> 
  <ming>淳美</ming> 
  <ming>淳雅</ming> 
  <ming>慈心</ming> 
  <ming>聪慧</ming> 
  <ming>聪睿</ming> 
  <ming>翠茵</ming> 
  <ming>黛娥</ming> 
  <ming>丹丹</ming> 
  <ming>丹红</ming> 
  <ming>丹彤</ming> 
  <ming>丹溪</ming> 
  <ming>笛韵</ming> 
  <ming>典丽</ming> 
  <ming>典雅</ming> 
  <ming>蝶梦</ming> 
  <ming>丁辰</ming> 
  <ming>丁兰</ming> 
  <ming>冬梅</ming> 
  <ming>端静</ming> 
  <ming>端丽</ming> 
  <ming>端敏</ming> 
  <ming>端雅</ming> 
  <ming>端懿</ming> 
  <ming>多思</ming> 
  <ming>朵儿</ming> 
  <ming>婀娜</ming> 
  <ming>恩霈</ming> 
  <ming>尔雅</ming> 
  <ming>璠瑜</ming> 
  <ming>方方</ming> 
  <ming>方雅</ming> 
  <ming>方仪</ming> 
  <ming>芳蔼</ming> 
  <ming>芳春</ming> 
  <ming>芳芳</ming> 
  <ming>芳菲</ming> 
  <ming>芳馥</ming> 
  <ming>芳华</ming> 
  <ming>芳蕙</ming> 
  <ming>芳洁</ming> 
  <ming>芳林</ming> 
  <ming>芳苓</ming> 
  <ming>芳荃</ming> 
  <ming>芳蕤</ming> 
  <ming>芳润</ming> 
  <ming>芳馨</ming> 
  <ming>芳懿</ming> 
  <ming>芳茵</ming> 
  <ming>芳泽</ming> 
  <ming>芳洲</ming> 
  <ming>飞雪</ming> 
  <ming>飞燕</ming> 
  <ming>菲菲</ming> 
  <ming>霏霏</ming> 
  <ming>斐斐</ming> 
  <ming>芬菲</ming> 
  <ming>芬芬</ming> 
  <ming>芬馥</ming> 
  <ming>丰熙</ming> 
  <ming>丰雅</ming> 
  <ming>芙蓉</ming> 
  <ming>馥芬</ming> 
  <ming>甘雨</ming> 
  <ming>甘泽</ming> 
  <ming>高洁</ming> 
  <ming>歌阑</ming> 
  <ming>歌云</ming> 
  <ming>歌韵</ming> 
  <ming>格菲</ming> 
  <ming>格格</ming> 
  <ming>葛菲</ming> 
  <ming>古兰</ming> 
  <ming>古香</ming> 
  <ming>古韵</ming> 
  <ming>谷雪</ming> 
  <ming>谷玉</ming> 
  <ming>瑰玮</ming> 
  <ming>桂帆</ming> 
  <ming>桂枫</ming> 
  <ming>桂华</ming> 
  <ming>桂月</ming> 
  <ming>桂芝</ming> 
  <ming>海儿</ming> 
  <ming>海女</ming> 
  <ming>含娇</ming> 
  <ming>含景</ming> 
  <ming>含文</ming> 
  <ming>含香</ming> 
  <ming>含秀</ming> 
  <ming>含玉</ming> 
  <ming>晗玥</ming> 
  <ming>涵涵</ming> 
  <ming>涵菡</ming> 
  <ming>涵韵</ming> 
  <ming>寒梅</ming> 
  <ming>菡梅</ming> 
  <ming>好洁</ming> 
  <ming>好慕</ming> 
  <ming>浩岚</ming> 
  <ming>浩丽</ming> 
  <ming>皓洁</ming> 
  <ming>皓月</ming> 
  <ming>合乐</ming> 
  <ming>合美</ming> 
  <ming>合瑞</ming> 
  <ming>和璧</ming> 
  <ming>和静</ming> 
  <ming>和美</ming> 
  <ming>和暖</ming> 
  <ming>和平</ming> 
  <ming>和悌</ming> 
  <ming>和煦</ming> 
  <ming>和暄</ming> 
  <ming>和雅</ming> 
  <ming>和怡</ming> 
  <ming>和玉</ming> 
  <ming>和豫</ming> 
  <ming>和悦</ming> 
  <ming>河灵</ming> 
  <ming>荷珠</ming> 
  <ming>荷紫</ming> 
  <ming>赫然</ming> 
  <ming>鹤梦</ming> 
  <ming>姮娥</ming> 
  <ming>弘丽</ming> 
  <ming>弘雅</ming> 
  <ming>弘懿</ming> 
  <ming>红豆</ming> 
  <ming>红旭</ming> 
  <ming>红叶</ming> 
  <ming>闳丽</ming> 
  <ming>虹星</ming> 
  <ming>虹英</ming> 
  <ming>虹颖</ming> 
  <ming>虹影</ming> 
  <ming>虹雨</ming> 
  <ming>虹玉</ming> 
  <ming>华采</ming> 
  <ming>华楚</ming> 
  <ming>华乐</ming> 
  <ming>华婉</ming> 
  <ming>华月</ming> 
  <ming>华芝</ming> 
  <ming>怀慕</ming> 
  <ming>怀思</ming> 
  <ming>怀玉</ming> 
  <ming>欢欣</ming> 
  <ming>欢悦</ming> 
  <ming>会雯</ming> 
  <ming>会欣</ming> 
  <ming>彗云</ming> 
  <ming>惠丽</ming> 
  <ming>惠美</ming> 
  <ming>惠然</ming> 
  <ming>惠心</ming> 
  <ming>慧婕</ming> 
  <ming>慧君</ming> 
  <ming>慧丽</ming> 
  <ming>慧美</ming> 
  <ming>慧心</ming> 
  <ming>慧秀</ming> 
  <ming>慧雅</ming> 
  <ming>慧艳</ming> 
  <ming>慧英</ming> 
  <ming>慧颖</ming> 
  <ming>慧语</ming> 
  <ming>慧月</ming> 
  <ming>慧云</ming> 
  <ming>蕙兰</ming> 
  <ming>蕙若</ming> 
  <ming>吉帆</ming> 
  <ming>吉玟</ming> 
  <ming>吉敏</ming> 
  <ming>吉欣</ming> 
  <ming>吉星</ming> 
  <ming>吉玉</ming> 
  <ming>吉月</ming> 
  <ming>季雅</ming> 
  <ming>霁芸</ming> 
  <ming>佳惠</ming> 
  <ming>佳美</ming> 
  <ming>佳思</ming> 
  <ming>佳文</ming> 
  <ming>佳妍</ming> 
  <ming>佳悦</ming> 
  <ming>家美</ming> 
  <ming>家欣</ming> 
  <ming>家馨</ming> 
  <ming>嘉宝</ming> 
  <ming>嘉惠</ming> 
  <ming>嘉丽</ming> 
  <ming>嘉美</ming> 
  <ming>嘉禾</ming> 
  <ming>嘉淑</ming> 
  <ming>嘉歆</ming> 
  <ming>嘉言</ming> 
  <ming>嘉怡</ming> 
  <ming>嘉懿</ming> 
  <ming>嘉音</ming> 
  <ming>嘉颖</ming> 
  <ming>嘉玉</ming> 
  <ming>嘉月</ming> 
  <ming>嘉悦</ming> 
  <ming>嘉云</ming> 
  <ming>江雪</ming> 
  <ming>姣姣</ming> 
  <ming>姣丽</ming> 
  <ming>姣妍</ming> 
  <ming>娇洁</ming> 
  <ming>娇然</ming> 
  <ming>皎洁</ming> 
  <ming>皎月</ming> 
  <ming>杰秀</ming> 
  <ming>洁静</ming> 
  <ming>洁雅</ming> 
  <ming>洁玉</ming> 
  <ming>今歌</ming> 
  <ming>今瑶</ming> 
  <ming>今雨</ming> 
  <ming>金玉</ming> 
  <ming>金枝</ming> 
  <ming>津童</ming> 
  <ming>锦凡</ming> 
  <ming>锦诗</ming> 
  <ming>锦文</ming> 
  <ming>锦欣</ming> 
  <ming>瑾瑶</ming> 
  <ming>菁菁</ming> 
  <ming>菁英</ming> 
  <ming>晶辉</ming> 
  <ming>晶晶</ming> 
  <ming>晶灵</ming> 
  <ming>晶滢</ming> 
  <ming>靓影</ming> 
  <ming>静安</ming> 
  <ming>静枫</ming> 
  <ming>静涵</ming> 
  <ming>静和</ming> 
  <ming>静慧</ming> 
  <ming>静曼</ming> 
  <ming>静美</ming> 
  <ming>静淑</ming> 
  <ming>静恬</ming> 
  <ming>静婉</ming> 
  <ming>静娴</ming> 
  <ming>静秀</ming> 
  <ming>静雅</ming> 
  <ming>静逸</ming> 
  <ming>静云</ming> 
  <ming>菊华</ming> 
  <ming>菊月</ming> 
  <ming>娟娟</ming> 
  <ming>娟丽</ming> 
  <ming>娟秀</ming> 
  <ming>娟妍</ming> 
  <ming>绢子</ming> 
  <ming>隽洁</ming> 
  <ming>隽美</ming> 
  <ming>隽巧</ming> 
  <ming>隽雅</ming> 
  <ming>君洁</ming> 
  <ming>君丽</ming> 
  <ming>君雅</ming> 
  <ming>筠溪</ming> 
  <ming>筠心</ming> 
  <ming>筠竹</ming> 
  <ming>俊慧</ming> 
  <ming>俊雅</ming> 
  <ming>珺俐</ming> 
  <ming>珺琦</ming> 
  <ming>珺琪</ming> 
  <ming>珺娅</ming> 
  <ming>可可</ming> 
  <ming>可儿</ming> 
  <ming>可佳</ming> 
  <ming>可嘉</ming> 
  <ming>可心</ming> 
  <ming>琨瑶</ming> 
  <ming>琨瑜</ming> 
  <ming>兰芳</ming> 
  <ming>兰蕙</ming> 
  <ming>兰梦</ming> 
  <ming>兰娜</ming> 
  <ming>兰若</ming> 
  <ming>兰英</ming> 
  <ming>兰月</ming> 
  <ming>兰泽</ming> 
  <ming>兰芝</ming> 
  <ming>岚翠</ming> 
  <ming>岚风</ming> 
  <ming>岚岚</ming> 
  <ming>蓝尹</ming> 
  <ming>朗丽</ming> 
  <ming>朗宁</ming> 
  <ming>朗然</ming> 
  <ming>乐然</ming> 
  <ming>乐容</ming> 
  <ming>乐心</ming> 
  <ming>乐欣</ming> 
  <ming>乐怡</ming> 
  <ming>乐悦</ming> 
  <ming>莉莉</ming> 
  <ming>丽芳</ming> 
  <ming>丽华</ming> 
  <ming>丽佳</ming> 
  <ming>丽姝</ming> 
  <ming>丽思</ming> 
  <ming>丽文</ming> 
  <ming>丽雅</ming> 
  <ming>丽玉</ming> 
  <ming>丽泽</ming> 
  <ming>丽珠</ming> 
  <ming>林帆</ming> 
  <ming>林楠</ming> 
  <ming>琳芳</ming> 
  <ming>琳怡</ming> 
  <ming>琳瑜</ming> 
  <ming>伶俐</ming> 
  <ming>伶伶</ming> 
  <ming>灵卉</ming> 
  <ming>灵慧</ming> 
  <ming>灵秀</ming> 
  <ming>灵萱</ming> 
  <ming>灵雨</ming> 
  <ming>灵韵</ming> 
  <ming>玲琅</ming> 
  <ming>玲琳</ming> 
  <ming>玲玲</ming> 
  <ming>玲珑</ming> 
  <ming>玲然</ming> 
  <ming>凌波</ming> 
  <ming>凌春</ming> 
  <ming>凌晓</ming> 
  <ming>凌雪</ming> 
  <ming>铃语</ming> 
  <ming>菱凡</ming> 
  <ming>菱华</ming> 
  <ming>令慧</ming> 
  <ming>令美</ming> 
  <ming>流惠</ming> 
  <ming>流丽</ming> 
  <ming>流如</ming> 
  <ming>流婉</ming> 
  <ming>流逸</ming> 
  <ming>柳思</ming> 
  <ming>珑玲</ming> 
  <ming>芦雪</ming> 
  <ming>罗绮</ming> 
  <ming>洛妃</ming> 
  <ming>洛灵</ming> 
  <ming>玛丽</ming> 
  <ming>麦冬</ming> 
  <ming>曼丽</ming> 
  <ming>曼蔓</ming> 
  <ming>曼妮</ming> 
  <ming>曼青</ming> 
  <ming>曼容</ming> 
  <ming>曼婉</ming> 
  <ming>曼文</ming> 
  <ming>曼吟</ming> 
  <ming>曼语</ming> 
  <ming>曼云</ming> 
  <ming>曼珠</ming> 
  <ming>嫚儿</ming> 
  <ming>蔓菁</ming> 
  <ming>蔓蔓</ming> 
  <ming>梅风</ming> 
  <ming>梅红</ming> 
  <ming>梅花</ming> 
  <ming>梅梅</ming> 
  <ming>梅青</ming> 
  <ming>梅雪</ming> 
  <ming>梅英</ming> 
  <ming>美偲</ming> 
  <ming>美华</ming> 
  <ming>美丽</ming> 
  <ming>美曼</ming> 
  <ming>美如</ming> 
  <ming>萌阳</ming> 
  <ming>蒙雨</ming> 
  <ming>孟乐</ming> 
  <ming>孟夏</ming> 
  <ming>孟阳</ming> 
  <ming>梦凡</ming> 
  <ming>梦菲</ming> 
  <ming>梦菡</ming> 
  <ming>梦华</ming> 
  <ming>梦兰</ming> 
  <ming>梦露</ming> 
  <ming>梦琪</ming> 
  <ming>梦秋</ming> 
  <ming>梦丝</ming> 
  <ming>梦桐</ming> 
  <ming>梦影</ming> 
  <ming>梦雨</ming> 
  <ming>梦月</ming> 
  <ming>梦云</ming> 
  <ming>梦泽</ming> 
  <ming>梦竹</ming> 
  <ming>米琪</ming> 
  <ming>米雪</ming> 
  <ming>密如</ming> 
  <ming>密思</ming> 
  <ming>淼淼</ming> 
  <ming>妙婧</ming> 
  <ming>妙晴</ming> 
  <ming>妙思</ming> 
  <ming>妙颜</ming> 
  <ming>妙意</ming> 
  <ming>妙音</ming> 
  <ming>妙珍</ming> 
  <ming>玟丽</ming> 
  <ming>玟玉</ming> 
  <ming>珉瑶</ming> 
  <ming>闵雨</ming> 
  <ming>敏慧</ming> 
  <ming>敏丽</ming> 
  <ming>敏叡</ming> 
  <ming>敏思</ming> 
  <ming>名姝</ming> 
  <ming>明煦</ming> 
  <ming>明艳</ming> 
  <ming>鸣晨</ming> 
  <ming>鸣玉</ming> 
  <ming>茗雪</ming> 
  <ming>茉莉</ming> 
  <ming>木兰</ming> 
  <ming>牧歌</ming> 
  <ming>慕梅</ming> 
  <ming>慕诗</ming> 
  <ming>慕思</ming> 
  <ming>慕悦</ming> 
  <ming>暮雨</ming> 
  <ming>暮芸</ming> 
  <ming>娜兰</ming> 
  <ming>娜娜</ming> 
  <ming>乃心</ming> 
  <ming>乃欣</ming> 
  <ming>囡囡</ming> 
  <ming>楠楠</ming> 
  <ming>妮娜</ming> 
  <ming>妮子</ming> 
  <ming>霓云</ming> 
  <ming>旎旎</ming> 
  <ming>念念</ming> 
  <ming>宁乐</ming> 
  <ming>凝洁</ming> 
  <ming>凝静</ming> 
  <ming>凝然</ming> 
  <ming>凝思</ming> 
  <ming>凝心</ming> 
  <ming>凝雪</ming> 
  <ming>凝雨</ming> 
  <ming>凝远</ming> 
  <ming>妞妞</ming> 
  <ming>浓绮</ming> 
  <ming>暖暖</ming> 
  <ming>暖姝</ming> 
  <ming>暖梦</ming> 
  <ming>盼盼</ming> 
  <ming>沛若</ming> 
  <ming>沛珊</ming> 
  <ming>沛文</ming> 
  <ming>佩兰</ming> 
  <ming>佩杉</ming> 
  <ming>佩玉</ming> 
  <ming>佩珍</ming> 
  <ming>芃芃</ming> 
  <ming>彭丹</ming> 
  <ming>嫔然</ming> 
  <ming>品韵</ming> 
  <ming>平和</ming> 
  <ming>平惠</ming> 
  <ming>平乐</ming> 
  <ming>平良</ming> 
  <ming>平宁</ming> 
  <ming>平婉</ming> 
  <ming>平晓</ming> 
  <ming>平心</ming> 
  <ming>平雅</ming> 
  <ming>平莹</ming> 
  <ming>萍雅</ming> 
  <ming>萍韵</ming> 
  <ming>璞玉</ming> 
  <ming>齐心</ming> 
  <ming>其雨</ming> 
  <ming>奇文</ming> 
  <ming>奇颖</ming> 
  <ming>颀秀</ming> 
  <ming>琦巧</ming> 
  <ming>琦珍</ming> 
  <ming>琪华</ming> 
  <ming>启颜</ming> 
  <ming>绮怀</ming> 
  <ming>绮丽</ming> 
  <ming>绮梅</ming> 
  <ming>绮美</ming> 
  <ming>绮梦</ming> 
  <ming>绮思</ming> 
  <ming>绮文</ming> 
  <ming>绮艳</ming> 
  <ming>绮玉</ming> 
  <ming>绮云</ming> 
  <ming>千秋</ming> 
  <ming>千叶</ming> 
  <ming>芊丽</ming> 
  <ming>芊芊</ming> 
  <ming>茜茜</ming> 
  <ming>倩丽</ming> 
  <ming>倩美</ming> 
  <ming>倩秀</ming> 
  <ming>倩语</ming> 
  <ming>俏丽</ming> 
  <ming>俏美</ming> 
  <ming>琴心</ming> 
  <ming>琴轩</ming> 
  <ming>琴雪</ming> 
  <ming>琴音</ming> 
  <ming>琴韵</ming> 
  <ming>卿月</ming> 
  <ming>卿云</ming> 
  <ming>清昶</ming> 
  <ming>清芬</ming> 
  <ming>清涵</ming> 
  <ming>清华</ming> 
  <ming>清晖</ming> 
  <ming>清霁</ming> 
  <ming>清嘉</ming> 
  <ming>清宁</ming> 
  <ming>清奇</ming> 
  <ming>清绮</ming> 
  <ming>清秋</ming> 
  <ming>清润</ming> 
  <ming>清淑</ming> 
  <ming>清舒</ming> 
  <ming>清婉</ming> 
  <ming>清心</ming> 
  <ming>清馨</ming> 
  <ming>清雅</ming> 
  <ming>清妍</ming> 
  <ming>清一</ming> 
  <ming>清漪</ming> 
  <ming>清怡</ming> 
  <ming>清逸</ming> 
  <ming>清懿</ming> 
  <ming>清莹</ming> 
  <ming>清悦</ming> 
  <ming>清韵</ming> 
  <ming>清卓</ming> 
  <ming>情文</ming> 
  <ming>情韵</ming> 
  <ming>晴波</ming> 
  <ming>晴虹</ming> 
  <ming>晴画</ming> 
  <ming>晴岚</ming> 
  <ming>晴丽</ming> 
  <ming>晴美</ming> 
  <ming>晴曦</ming> 
  <ming>晴霞</ming> 
  <ming>晴雪</ming> 
  <ming>琼芳</ming> 
  <ming>琼华</ming> 
  <ming>琼岚</ming> 
  <ming>琼诗</ming> 
  <ming>琼思</ming> 
  <ming>琼怡</ming> 
  <ming>琼音</ming> 
  <ming>琼英</ming> 
  <ming>秋芳</ming> 
  <ming>秋华</ming> 
  <ming>秋露</ming> 
  <ming>秋荣</ming> 
  <ming>秋彤</ming> 
  <ming>秋阳</ming> 
  <ming>秋英</ming> 
  <ming>秋颖</ming> 
  <ming>秋玉</ming> 
  <ming>秋月</ming> 
  <ming>秋芸</ming> 
  <ming>曲静</ming> 
  <ming>曲文</ming> 
  <ming>冉冉</ming> 
  <ming>苒苒</ming> 
  <ming>荏苒</ming> 
  <ming>任真</ming> 
  <ming>溶溶</ming> 
  <ming>蓉城</ming> 
  <ming>蓉蓉</ming> 
  <ming>融雪</ming> 
  <ming>柔怀</ming> 
  <ming>柔惠</ming> 
  <ming>柔洁</ming> 
  <ming>柔谨</ming> 
  <ming>柔静</ming> 
  <ming>柔丽</ming> 
  <ming>柔蔓</ming> 
  <ming>柔妙</ming> 
  <ming>柔淑</ming> 
  <ming>柔婉</ming> 
  <ming>柔煦</ming> 
  <ming>柔绚</ming> 
  <ming>柔雅</ming> 
  <ming>如冰</ming> 
  <ming>如风</ming> 
  <ming>如心</ming> 
  <ming>如馨</ming> 
  <ming>如雪</ming> 
  <ming>如仪</ming> 
  <ming>如意</ming> 
  <ming>如云</ming> 
  <ming>茹薇</ming> 
  <ming>茹雪</ming> 
  <ming>茹云</ming> 
  <ming>濡霈</ming> 
  <ming>蕊珠</ming> 
  <ming>芮安</ming> 
  <ming>芮波</ming> 
  <ming>芮欢</ming> 
  <ming>芮佳</ming> 
  <ming>芮静</ming> 
  <ming>芮澜</ming> 
  <ming>芮丽</ming> 
  <ming>芮美</ming> 
  <ming>芮欣</ming> 
  <ming>芮雅</ming> 
  <ming>芮优</ming> 
  <ming>芮悦</ming> 
  <ming>瑞彩</ming> 
  <ming>瑞锦</ming> 
  <ming>瑞灵</ming> 
  <ming>瑞绣</ming> 
  <ming>瑞云</ming> 
  <ming>瑞芝</ming> 
  <ming>睿敏</ming> 
  <ming>睿思</ming> 
  <ming>睿彤</ming> 
  <ming>睿文</ming> 
  <ming>睿哲</ming> 
  <ming>睿姿</ming> 
  <ming>润丽</ming> 
  <ming>若芳</ming> 
  <ming>若华</ming> 
  <ming>若兰</ming> 
  <ming>若淑</ming> 
  <ming>若彤</ming> 
  <ming>若英</ming> 
  <ming>若云</ming> 
  <ming>莎莉</ming> 
  <ming>莎莎</ming> 
  <ming>三春</ming> 
  <ming>三姗</ming> 
  <ming>三诗</ming> 
  <ming>森莉</ming> 
  <ming>森丽</ming> 
  <ming>沙羽</ming> 
  <ming>沙雨</ming> 
  <ming>杉月</ming> 
  <ming>姗姗</ming> 
  <ming>珊珊</ming> 
  <ming>善芳</ming> 
  <ming>善和</ming> 
  <ming>善静</ming> 
  <ming>善思</ming> 
  <ming>韶华</ming> 
  <ming>韶丽</ming> 
  <ming>韶美</ming> 
  <ming>韶敏</ming> 
  <ming>韶容</ming> 
  <ming>韶阳</ming> 
  <ming>韶仪</ming> 
  <ming>邵美</ming> 
  <ming>沈靖</ming> 
  <ming>沈静</ming> 
  <ming>沈然</ming> 
  <ming>沈思</ming> 
  <ming>沈雅</ming> 
  <ming>诗怀</ming> 
  <ming>诗兰</ming> 
  <ming>诗蕾</ming> 
  <ming>诗柳</ming> 
  <ming>诗蕊</ming> 
  <ming>诗文</ming> 
  <ming>施然</ming> 
  <ming>施诗</ming> 
  <ming>世敏</ming> 
  <ming>世英</ming> 
  <ming>世韵</ming> 
  <ming>书慧</ming> 
  <ming>书桃</ming> 
  <ming>书文</ming> 
  <ming>书萱</ming> 
  <ming>书仪</ming> 
  <ming>书艺</ming> 
  <ming>书意</ming> 
  <ming>书语</ming> 
  <ming>书云</ming> 
  <ming>抒怀</ming> 
  <ming>姝好</ming> 
  <ming>姝惠</ming> 
  <ming>姝丽</ming> 
  <ming>姝美</ming> 
  <ming>姝艳</ming> 
  <ming>淑华</ming> 
  <ming>淑惠</ming> 
  <ming>淑慧</ming> 
  <ming>淑静</ming> 
  <ming>淑兰</ming> 
  <ming>淑穆</ming> 
  <ming>淑然</ming> 
  <ming>淑婉</ming> 
  <ming>淑贤</ming> 
  <ming>淑雅</ming> 
  <ming>淑懿</ming> 
  <ming>淑哲</ming> 
  <ming>淑贞</ming> 
  <ming>舒畅</ming> 
  <ming>舒方</ming> 
  <ming>舒怀</ming> 
  <ming>舒兰</ming> 
  <ming>舒荣</ming> 
  <ming>舒扬</ming> 
  <ming>舒云</ming> 
  <ming>帅红</ming> 
  <ming>双文</ming> 
  <ming>双玉</ming> 
  <ming>水晶</ming> 
  <ming>水悦</ming> 
  <ming>水芸</ming> 
  <ming>顺慈</ming> 
  <ming>顺美</ming> 
  <ming>丝柳</ming> 
  <ming>丝萝</ming> 
  <ming>丝娜</ming> 
  <ming>丝琦</ming> 
  <ming>丝琪</ming> 
  <ming>丝祺</ming> 
  <ming>丝微</ming> 
  <ming>丝雨</ming> 
  <ming>司辰</ming> 
  <ming>司晨</ming> 
  <ming>思嫒</ming> 
  <ming>思宸</ming> 
  <ming>思聪</ming> 
  <ming>思迪</ming> 
  <ming>思恩</ming> 
  <ming>思凡</ming> 
  <ming>思涵</ming> 
  <ming>思慧</ming> 
  <ming>思佳</ming> 
  <ming>思嘉</ming> 
  <ming>思洁</ming> 
  <ming>思莲</ming> 
  <ming>思琳</ming> 
  <ming>思美</ming> 
  <ming>思萌</ming> 
  <ming>思敏</ming> 
  <ming>思娜</ming> 
  <ming>思楠</ming> 
  <ming>思琪</ming> 
  <ming>思若</ming> 
  <ming>思思</ming> 
  <ming>思彤</ming> 
  <ming>思溪</ming> 
  <ming>思雅</ming> 
  <ming>思怡</ming> 
  <ming>思义</ming> 
  <ming>思懿</ming> 
  <ming>思茵</ming> 
  <ming>思莹</ming> 
  <ming>思雨</ming> 
  <ming>思语</ming> 
  <ming>思云</ming> 
  <ming>斯琪</ming> 
  <ming>斯乔</ming> 
  <ming>斯斯</ming> 
  <ming>斯文</ming> 
  <ming>斯雅</ming> 
  <ming>松雪</ming> 
  <ming>松雨</ming> 
  <ming>松月</ming> 
  <ming>素华</ming> 
  <ming>素怀</ming> 
  <ming>素洁</ming> 
  <ming>素昕</ming> 
  <ming>素欣</ming> 
  <ming>棠华</ming> 
  <ming>洮洮</ming> 
  <ming>桃雨</ming> 
  <ming>陶宁</ming> 
  <ming>陶然</ming> 
  <ming>陶宜</ming> 
  <ming>天恩</ming> 
  <ming>天慧</ming> 
  <ming>天骄</ming> 
  <ming>天籁</ming> 
  <ming>天蓝</ming> 
  <ming>天睿</ming> 
  <ming>天心</ming> 
  <ming>天欣</ming> 
  <ming>天音</ming> 
  <ming>天媛</ming> 
  <ming>天悦</ming> 
  <ming>天韵</ming> 
  <ming>田然</ming> 
  <ming>田田</ming> 
  <ming>恬畅</ming> 
  <ming>恬静</ming> 
  <ming>恬美</ming> 
  <ming>恬谧</ming> 
  <ming>恬默</ming> 
  <ming>恬然</ming> 
  <ming>恬欣</ming> 
  <ming>恬雅</ming> 
  <ming>恬悦</ming> 
  <ming>甜恬</ming> 
  <ming>湉湉</ming> 
  <ming>听然</ming> 
  <ming>听云</ming> 
  <ming>婷美</ming> 
  <ming>婷然</ming> 
  <ming>婷婷</ming> 
  <ming>婷秀</ming> 
  <ming>婷玉</ming> 
  <ming>彤蕊</ming> 
  <ming>彤彤</ming> 
  <ming>彤雯</ming> 
  <ming>彤霞</ming> 
  <ming>彤云</ming> 
  <ming>桐华</ming> 
  <ming>桐欣</ming> 
  <ming>童彤</ming> 
  <ming>童童</ming> 
  <ming>童欣</ming> 
  <ming>宛儿</ming> 
  <ming>宛畅</ming> 
  <ming>宛曼</ming> 
  <ming>宛妙</ming> 
  <ming>莞尔</ming> 
  <ming>莞然</ming> 
  <ming>婉慧</ming> 
  <ming>婉静</ming> 
  <ming>婉丽</ming> 
  <ming>婉娜</ming> 
  <ming>婉清</ming> 
  <ming>婉然</ming> 
  <ming>婉容</ming> 
  <ming>婉柔</ming> 
  <ming>婉淑</ming> 
  <ming>婉秀</ming> 
  <ming>婉仪</ming> 
  <ming>婉奕</ming> 
  <ming>菀柳</ming> 
  <ming>菀菀</ming> 
  <ming>琬凝</ming> 
  <ming>琬琰</ming> 
  <ming>望慕</ming> 
  <ming>望舒</ming> 
  <ming>望雅</ming> 
  <ming>微澜</ming> 
  <ming>微婉</ming> 
  <ming>微熹</ming> 
  <ming>微月</ming> 
  <ming>薇歌</ming> 
  <ming>韦曲</ming> 
  <ming>韦柔</ming> 
  <ming>韦茹</ming> 
  <ming>苇然</ming> 
  <ming>玮奇</ming> 
  <ming>玮琪</ming> 
  <ming>玮艺</ming> 
  <ming>未央</ming> 
  <ming>蔚然</ming> 
  <ming>文惠</ming> 
  <ming>文静</ming> 
  <ming>文君</ming> 
  <ming>文丽</ming> 
  <ming>文敏</ming> 
  <ming>文墨</ming> 
  <ming>文姝</ming> 
  <ming>文思</ming> 
  <ming>文心</ming> 
  <ming>文瑶</ming> 
  <ming>文漪</ming> 
  <ming>文茵</ming> 
  <ming>雯华</ming> 
  <ming>雯丽</ming> 
  <ming>问筠</ming> 
  <ming>问梅</ming> 
  <ming>问萍</ming> 
  <ming>梧桐</ming> 
  <ming>西华</ming> 
  <ming>希月</ming> 
  <ming>希恩</ming> 
  <ming>希慕</ming> 
  <ming>希蓉</ming> 
  <ming>希彤</ming> 
  <ming>惜文</ming> 
  <ming>惜雪</ming> 
  <ming>惜玉</ming> 
  <ming>熙华</ming> 
  <ming>熙柔</ming> 
  <ming>熙熙</ming> 
  <ming>熙阳</ming> 
  <ming>熙怡</ming> 
  <ming>喜儿</ming> 
  <ming>喜悦</ming> 
  <ming>霞飞</ming> 
  <ming>霞雰</ming> 
  <ming>霞辉</ming> 
  <ming>霞绮</ming> 
  <ming>霞姝</ming> 
  <ming>霞文</ming> 
  <ming>夏菡</ming> 
  <ming>夏兰</ming> 
  <ming>夏岚</ming> 
  <ming>夏青</ming> 
  <ming>夏彤</ming> 
  <ming>夏萱</ming> 
  <ming>夏璇</ming> 
  <ming>夏雪</ming> 
  <ming>夏月</ming> 
  <ming>仙仪</ming> 
  <ming>仙媛</ming> 
  <ming>仙韵</ming> 
  <ming>闲华</ming> 
  <ming>闲静</ming> 
  <ming>闲丽</ming> 
  <ming>贤惠</ming> 
  <ming>贤淑</ming> 
  <ming>咸英</ming> 
  <ming>娴静</ming> 
  <ming>娴淑</ming> 
  <ming>娴婉</ming> 
  <ming>娴雅</ming> 
  <ming>羡丽</ming> 
  <ming>献仪</ming> 
  <ming>献玉</ming> 
  <ming>香洁</ming> 
  <ming>香梅</ming> 
  <ming>香馨</ming> 
  <ming>香雪</ming> 
  <ming>湘君</ming> 
  <ming>湘灵</ming> 
  <ming>湘云</ming> 
  <ming>向晨</ming> 
  <ming>宵晨</ming> 
  <ming>宵雨</ming> 
  <ming>宵月</ming> 
  <ming>萧曼</ming> 
  <ming>萧玉</ming> 
  <ming>箫笛</ming> 
  <ming>箫吟</ming> 
  <ming>小春</ming> 
  <ming>小枫</ming> 
  <ming>小谷</ming> 
  <ming>小楠</ming> 
  <ming>小琴</ming> 
  <ming>小雯</ming> 
  <ming>小星</ming> 
  <ming>小瑜</ming> 
  <ming>小雨</ming> 
  <ming>晓畅</ming> 
  <ming>晓凡</ming> 
  <ming>晓枫</ming> 
  <ming>晓慧</ming> 
  <ming>晓兰</ming> 
  <ming>晓莉</ming> 
  <ming>晓曼</ming> 
  <ming>晓楠</ming> 
  <ming>晓彤</ming> 
  <ming>晓桐</ming> 
  <ming>晓星</ming> 
  <ming>晓燕</ming> 
  <ming>笑寒</ming> 
  <ming>笑雯</ming> 
  <ming>笑笑</ming> 
  <ming>笑妍</ming> 
  <ming>心慈</ming> 
  <ming>心菱</ming> 
  <ming>心诺</ming> 
  <ming>心香</ming> 
  <ming>心宜</ming> 
  <ming>心怡</ming> 
  <ming>心语</ming> 
  <ming>心远</ming> 
  <ming>忻畅</ming> 
  <ming>忻欢</ming> 
  <ming>忻乐</ming> 
  <ming>忻慕</ming> 
  <ming>忻然</ming> 
  <ming>忻忻</ming> 
  <ming>忻愉</ming> 
  <ming>昕昕</ming> 
  <ming>欣彩</ming> 
  <ming>欣畅</ming> 
  <ming>欣合</ming> 
  <ming>欣嘉</ming> 
  <ming>欣可</ming> 
  <ming>欣美</ming> 
  <ming>欣然</ming> 
  <ming>欣彤</ming> 
  <ming>欣笑</ming> 
  <ming>欣欣</ming> 
  <ming>欣艳</ming> 
  <ming>欣怡</ming> 
  <ming>欣愉</ming> 
  <ming>欣悦</ming> 
  <ming>欣跃</ming> 
  <ming>莘莘</ming> 
  <ming>新洁</ming> 
  <ming>新蕾</ming> 
  <ming>新林</ming> 
  <ming>新梅</ming> 
  <ming>新美</ming> 
  <ming>新苗</ming> 
  <ming>新荣</ming> 
  <ming>新文</ming> 
  <ming>新雪</ming> 
  <ming>新雅</ming> 
  <ming>新颖</ming> 
  <ming>新雨</ming> 
  <ming>新语</ming> 
  <ming>新月</ming> 
  <ming>歆美</ming> 
  <ming>歆然</ming> 
  <ming>馨兰</ming> 
  <ming>馨荣</ming> 
  <ming>馨蓉</ming> 
  <ming>馨香</ming> 
  <ming>馨欣</ming> 
  <ming>杏儿</ming> 
  <ming>修洁</ming> 
  <ming>修美</ming> 
  <ming>修敏</ming> 
  <ming>秀华</ming> 
  <ming>秀慧</ming> 
  <ming>秀杰</ming> 
  <ming>秀洁</ming> 
  <ming>秀娟</ming> 
  <ming>秀隽</ming> 
  <ming>秀筠</ming> 
  <ming>秀兰</ming> 
  <ming>秀丽</ming> 
  <ming>秀曼</ming> 
  <ming>秀梅</ming> 
  <ming>秀美</ming> 
  <ming>秀媚</ming> 
  <ming>秀敏</ming> 
  <ming>秀妮</ming> 
  <ming>秀婉</ming> 
  <ming>秀雅</ming> 
  <ming>秀艳</ming> 
  <ming>秀逸</ming> 
  <ming>秀英</ming> 
  <ming>秀颖</ming> 
  <ming>秀媛</ming> 
  <ming>秀越</ming> 
  <ming>秀竹</ming> 
  <ming>绣文</ming> 
  <ming>绣梓</ming> 
  <ming>琇芳</ming> 
  <ming>琇芬</ming> 
  <ming>琇晶</ming> 
  <ming>琇莹</ming> 
  <ming>琇云</ming> 
  <ming>轩秀</ming> 
  <ming>萱彤</ming> 
  <ming>暄和</ming> 
  <ming>暄美</ming> 
  <ming>暄妍</ming> 
  <ming>玄静</ming> 
  <ming>玄穆</ming> 
  <ming>玄清</ming> 
  <ming>玄素</ming> 
  <ming>玄雅</ming> 
  <ming>璇玑</ming> 
  <ming>璇娟</ming> 
  <ming>璇珠</ming> 
  <ming>璇子</ming> 
  <ming>雪冰</ming> 
  <ming>雪儿</ming> 
  <ming>雪帆</ming> 
  <ming>雪枫</ming> 
  <ming>雪卉</ming> 
  <ming>雪翎</ming> 
  <ming>雪柳</ming> 
  <ming>雪曼</ming> 
  <ming>雪漫</ming> 
  <ming>雪萍</ming> 
  <ming>雪晴</ming> 
  <ming>雪艳</ming> 
  <ming>雪羽</ming> 
  <ming>寻春</ming> 
  <ming>寻芳</ming> 
  <ming>雅爱</ming> 
  <ming>雅安</ming> 
  <ming>雅唱</ming> 
  <ming>雅丹</ming> 
  <ming>雅凡</ming> 
  <ming>雅歌</ming> 
  <ming>雅惠</ming> 
  <ming>雅洁</ming> 
  <ming>雅静</ming> 
  <ming>雅隽</ming> 
  <ming>雅可</ming> 
  <ming>雅丽</ming> 
  <ming>雅美</ming> 
  <ming>雅楠</ming> 
  <ming>雅宁</ming> 
  <ming>雅萍</ming> 
  <ming>雅琴</ming> 
  <ming>雅容</ming> 
  <ming>雅柔</ming> 
  <ming>雅蕊</ming> 
  <ming>雅韶</ming> 
  <ming>雅诗</ming> 
  <ming>雅素</ming> 
  <ming>雅彤</ming> 
  <ming>雅娴</ming> 
  <ming>雅秀</ming> 
  <ming>雅艳</ming> 
  <ming>雅逸</ming> 
  <ming>雅懿</ming> 
  <ming>雅云</ming> 
  <ming>雅韵</ming> 
  <ming>雅致</ming> 
  <ming>娅芳</ming> 
  <ming>娅静</ming> 
  <ming>娅玟</ming> 
  <ming>娅楠</ming> 
  <ming>娅思</ming> 
  <ming>娅童</ming> 
  <ming>娅欣</ming> 
  <ming>嫣然</ming> 
  <ming>妍芳</ming> 
  <ming>妍歌</ming> 
  <ming>妍和</ming> 
  <ming>妍丽</ming> 
  <ming>妍雅</ming> 
  <ming>妍妍</ming> 
  <ming>芫华</ming> 
  <ming>言文</ming> 
  <ming>言心</ming> 
  <ming>俨雅</ming> 
  <ming>琰琬</ming> 
  <ming>彦红</ming> 
  <ming>彦慧</ming> 
  <ming>彦珺</ming> 
  <ming>彦灵</ming> 
  <ming>彦露</ming> 
  <ming>彦杉</ming> 
  <ming>彦芝</ming> 
  <ming>晏静</ming> 
  <ming>晏然</ming> 
  <ming>晏如</ming> 
  <ming>艳芳</ming> 
  <ming>艳卉</ming> 
  <ming>艳蕙</ming> 
  <ming>燕桦</ming> 
  <ming>燕珺</ming> 
  <ming>燕岚</ming> 
  <ming>燕楠</ming> 
  <ming>燕妮</ming> 
  <ming>燕婉</ming> 
  <ming>燕舞</ming> 
  <ming>燕子</ming> 
  <ming>阳霁</ming> 
  <ming>阳兰</ming> 
  <ming>阳曦</ming> 
  <ming>阳阳</ming> 
  <ming>杨柳</ming> 
  <ming>洋然</ming> 
  <ming>洋洋</ming> 
  <ming>漾漾</ming> 
  <ming>瑶岑</ming> 
  <ming>瑶瑾</ming> 
  <ming>野雪</ming> 
  <ming>野云</ming> 
  <ming>叶春</ming> 
  <ming>叶丹</ming> 
  <ming>叶帆</ming> 
  <ming>叶芳</ming> 
  <ming>叶飞</ming> 
  <ming>叶丰</ming> 
  <ming>叶吉</ming> 
  <ming>叶嘉</ming> 
  <ming>叶农</ming> 
  <ming>叶彤</ming> 
  <ming>叶舞</ming> 
  <ming>叶欣</ming> 
  <ming>晔晔</ming> 
  <ming>一凡</ming> 
  <ming>一禾</ming> 
  <ming>一嘉</ming> 
  <ming>一瑾</ming> 
  <ming>一南</ming> 
  <ming>一雯</ming> 
  <ming>一璇</ming> 
  <ming>依白</ming> 
  <ming>依波</ming> 
  <ming>依美</ming> 
  <ming>依楠</ming> 
  <ming>依秋</ming> 
  <ming>依然</ming> 
  <ming>依珊</ming> 
  <ming>依童</ming> 
  <ming>依心</ming> 
  <ming>依云</ming> 
  <ming>仪芳</ming> 
  <ming>仪文</ming> 
  <ming>宜春</ming> 
  <ming>宜嘉</ming> 
  <ming>宜楠</ming> 
  <ming>宜然</ming> 
  <ming>宜欣</ming> 
  <ming>怡畅</ming> 
  <ming>怡和</ming> 
  <ming>怡嘉</ming> 
  <ming>怡乐</ming> 
  <ming>怡璐</ming> 
  <ming>怡木</ming> 
  <ming>怡宁</ming> 
  <ming>怡然</ming> 
  <ming>怡月</ming> 
  <ming>怡悦</ming> 
  <ming>颐和</ming> 
  <ming>颐然</ming> 
  <ming>颐真</ming> 
  <ming>以晴</ming> 
  <ming>以蕊</ming> 
  <ming>以彤</ming> 
  <ming>以欣</ming> 
  <ming>以轩</ming> 
  <ming>佁然</ming> 
  <ming>倚云</ming> 
  <ming>忆安</ming> 
  <ming>忆梅</ming> 
  <ming>忆敏</ming> 
  <ming>忆秋</ming> 
  <ming>忆然</ming> 
  <ming>忆彤</ming> 
  <ming>忆雪</ming> 
  <ming>忆远</ming> 
  <ming>怿悦</ming> 
  <ming>奕叶</ming> 
  <ming>奕奕</ming> 
  <ming>轶丽</ming> 
  <ming>逸丽</ming> 
  <ming>逸美</ming> 
  <ming>逸思</ming> 
  <ming>逸馨</ming> 
  <ming>逸秀</ming> 
  <ming>逸雅</ming> 
  <ming>逸云</ming> 
  <ming>逸致</ming> 
  <ming>茵茵</ming> 
  <ming>音华</ming> 
  <ming>音景</ming> 
  <ming>音仪</ming> 
  <ming>音悦</ming> 
  <ming>音韵</ming> 
  <ming>吟怀</ming> 
  <ming>银河</ming> 
  <ming>银柳</ming> 
  <ming>银瑶</ming> 
  <ming>饮香</ming> 
  <ming>饮月</ming> 
  <ming>胤文</ming> 
  <ming>胤雅</ming> 
  <ming>英华</ming> 
  <ming>英慧</ming> 
  <ming>英楠</ming> 
  <ming>英秀</ming> 
  <ming>英媛</ming> 
  <ming>莺莺</ming> 
  <ming>莺语</ming> 
  <ming>莺韵</ming> 
  <ming>瑛琭</ming> 
  <ming>瑛瑶</ming> 
  <ming>樱花</ming> 
  <ming>璎玑</ming> 
  <ming>迎梅</ming> 
  <ming>迎秋</ming> 
  <ming>盈盈</ming> 
  <ming>莹白</ming> 
  <ming>莹华</ming> 
  <ming>莹洁</ming> 
  <ming>莹然</ming> 
  <ming>莹琇</ming> 
  <ming>莹莹</ming> 
  <ming>莹玉</ming> 
  <ming>萦怀</ming> 
  <ming>萦思</ming> 
  <ming>萦心</ming> 
  <ming>滢渟</ming> 
  <ming>滢滢</ming> 
  <ming>颖初</ming> 
  <ming>颖慧</ming> 
  <ming>颖然</ming> 
  <ming>颖馨</ming> 
  <ming>颖秀</ming> 
  <ming>颖颖</ming> 
  <ming>映波</ming> 
  <ming>映寒</ming> 
  <ming>映秋</ming> 
  <ming>映雪</ming> 
  <ming>雍恬</ming> 
  <ming>雍雅</ming> 
  <ming>优乐</ming> 
  <ming>优扬</ming> 
  <ming>优悠</ming> 
  <ming>优瑗</ming> 
  <ming>优悦</ming> 
  <ming>攸然</ming> 
  <ming>悠柔</ming> 
  <ming>悠素</ming> 
  <ming>悠婉</ming> 
  <ming>悠馨</ming> 
  <ming>悠雅</ming> 
  <ming>悠奕</ming> 
  <ming>悠逸</ming> 
  <ming>幼安</ming> 
  <ming>幼仪</ming> 
  <ming>幼怡</ming> 
  <ming>余馥</ming> 
  <ming>余妍</ming> 
  <ming>愉婉</ming> 
  <ming>愉心</ming> 
  <ming>瑜蓓</ming> 
  <ming>瑜璟</ming> 
  <ming>瑜敏</ming> 
  <ming>瑜然</ming> 
  <ming>瑜英</ming> 
  <ming>羽彤</ming> 
  <ming>雨筠</ming> 
  <ming>雨彤</ming> 
  <ming>雨燕</ming> 
  <ming>雨竹</ming> 
  <ming>语冰</ming> 
  <ming>语林</ming> 
  <ming>语诗</ming> 
  <ming>语彤</ming> 
  <ming>语心</ming> 
  <ming>语燕</ming> 
  <ming>玉琲</ming> 
  <ming>玉华</ming> 
  <ming>玉环</ming> 
  <ming>玉瑾</ming> 
  <ming>玉珂</ming> 
  <ming>玉兰</ming> 
  <ming>玉轩</ming> 
  <ming>玉怡</ming> 
  <ming>玉英</ming> 
  <ming>元英</ming> 
  <ming>爰美</ming> 
  <ming>爰爰</ming> 
  <ming>源源</ming> 
  <ming>远悦</ming> 
  <ming>媛女</ming> 
  <ming>月桂</ming> 
  <ming>月华</ming> 
  <ming>月朗</ming> 
  <ming>月灵</ming> 
  <ming>月明</ming> 
  <ming>月杉</ming> 
  <ming>月桃</ming> 
  <ming>月天</ming> 
  <ming>月怡</ming> 
  <ming>月悦</ming> 
  <ming>悦爱</ming> 
  <ming>悦畅</ming> 
  <ming>悦和</ming> 
  <ming>悦恺</ming> 
  <ming>悦可</ming> 
  <ming>悦来</ming> 
  <ming>悦乐</ming> 
  <ming>悦人</ming> 
  <ming>悦喜</ming> 
  <ming>悦心</ming> 
  <ming>悦欣</ming> 
  <ming>悦宜</ming> 
  <ming>悦怡</ming> 
  <ming>悦远</ming> 
  <ming>悦媛</ming> 
  <ming>云淡</ming> 
  <ming>云飞</ming> 
  <ming>云岚</ming> 
  <ming>云露</ming> 
  <ming>云梦</ming> 
  <ming>云韶</ming> 
  <ming>云水</ming> 
  <ming>云亭</ming> 
  <ming>云蔚</ming> 
  <ming>云溪</ming> 
  <ming>云霞</ming> 
  <ming>云心</ming> 
  <ming>云英</ming> 
  <ming>芸芸</ming> 
  <ming>韫素</ming> 
  <ming>韫玉</ming> 
  <ming>韵流</ming> 
  <ming>韵梅</ming> 
  <ming>韵宁</ming> 
  <ming>韵磬</ming> 
  <ming>韵诗</ming> 
  <ming>蕴涵</ming> 
  <ming>蕴和</ming> 
  <ming>蕴美</ming> 
  <ming>蕴秀</ming> 
  <ming>赞怡</ming> 
  <ming>赞悦</ming> 
  <ming>泽恩</ming> 
  <ming>泽惠</ming> 
  <ming>湛恩</ming> 
  <ming>湛芳</ming> 
  <ming>湛静</ming> 
  <ming>昭懿</ming> 
  <ming>昭昭</ming> 
  <ming>哲丽</ming> 
  <ming>哲美</ming> 
  <ming>哲思</ming> 
  <ming>哲妍</ming> 
  <ming>贞芳</ming> 
  <ming>贞静</ming> 
  <ming>贞婉</ming> 
  <ming>贞怡</ming> 
  <ming>贞韵</ming> 
  <ming>珍丽</ming> 
  <ming>珍瑞</ming> 
  <ming>真洁</ming> 
  <ming>真如</ming> 
  <ming>真茹</ming> 
  <ming>真一</ming> 
  <ming>真仪</ming> 
  <ming>正平</ming> 
  <ming>正清</ming> 
  <ming>正思</ming> 
  <ming>正雅</ming> 
  <ming>之桃</ming> 
  <ming>芝兰</ming> 
  <ming>芝英</ming> 
  <ming>芝宇</ming> 
  <ming>知慧</ming> 
  <ming>知睿</ming> 
  <ming>芷兰</ming> 
  <ming>芷琪</ming> 
  <ming>芷若</ming> 
  <ming>芷文</ming> 
  <ming>致欣</ming> 
  <ming>致萱</ming> 
  <ming>智美</ming> 
  <ming>智敏</ming> 
  <ming>仲舒</ming> 
  <ming>珠佩</ming> 
  <ming>珠星</ming> 
  <ming>珠轩</ming> 
  <ming>珠雨</ming> 
  <ming>珠玉</ming> 
  <ming>竹筱</ming> 
  <ming>竹萱</ming> 
  <ming>竹雨</ming> 
  <ming>竹月</ming> 
  <ming>竹悦</ming> 
  <ming>竹韵</ming> 
  <ming>庄静</ming> 
  <ming>庄丽</ming> 
  <ming>庄雅</ming> 
  <ming>卓然</ming> 
  <ming>卓逸</ming> 
  <ming>子爱</ming> 
  <ming>子丹</ming> 
  <ming>子帆</ming> 
  <ming>子凡</ming> 
  <ming>子菡</ming> 
  <ming>子怀</ming> 
  <ming>子惠</ming> 
  <ming>子蕙</ming> 
  <ming>子琳</ming> 
  <ming>子美</ming> 
  <ming>子楠</ming> 
  <ming>子宁</ming> 
  <ming>子舒</ming> 
  <ming>子童</ming> 
  <ming>子薇</ming> 
  <ming>子欣</ming> 
  <ming>子萱</ming> 
  <ming>子璇</ming> 
  <ming>子怡</ming> 
  <ming>子亦</ming> 
  <ming>子悦</ming> 
  <ming>子珍</ming> 
  <ming>梓蓓</ming> 
  <ming>梓涵</ming> 
  <ming>梓洁</ming> 
  <ming>梓菱</ming> 
  <ming>梓露</ming> 
  <ming>梓璐</ming> 
  <ming>梓美</ming> 
  <ming>梓敏</ming> 
  <ming>梓楠</ming> 
  <ming>梓倩</ming> 
  <ming>梓柔</ming> 
  <ming>梓珊</ming> 
  <ming>梓舒</ming> 
  <ming>梓婷</ming> 
  <ming>梓彤</ming> 
  <ming>梓童</ming> 
  <ming>梓琬</ming> 
  <ming>梓欣</ming> 
  <ming>梓馨</ming> 
  <ming>梓萱</ming> 
  <ming>梓瑶</ming> 
  <ming>梓莹</ming> 
  <ming>梓颖</ming> 
  <ming>梓榆</ming> 
  <ming>梓玥</ming> 
  <ming>梓云</ming> 
  <ming>紫蕙</ming> 
  <ming>紫琼</ming> 
  <ming>紫杉</ming> 
  <ming>紫桐</ming> 
  <ming>紫薇</ming> 
  <ming>紫玉</ming> 
  <ming>齐敏</ming> 
  <ming>奇思</ming> 
</all-ming-config>