<Configuration xmlns="">
	<name>Landlord</name>
	<ip>127.0.0.1</ip>
	<port>17000</port>
	<sync>
		<locators>
			<locator>
				<service>Protocol</service>
				<ns>GameUser</ns>
			</locator>
			<locator>
				<service>Protocol</service>
				<ns>GameSystem</ns>
			</locator>
		</locators>
	</sync>
	<async>
		<locators>
			<locator>
				<service>Websocket</service>
				<ns>GameMina</ns>
			</locator>
			<locator>
				<service>Landlord</service>
				<ns>LLGame</ns>
			</locator>
		</locators>
	</async>
	<remote>
		<locators></locators>
	</remote>
</Configuration>
