<Configuration xmlns="">
	<name>Protocol</name>
	<ip>127.0.0.1</ip>
	<port>16000</port>
	<sync>
		<locators>
		<locator>
				<service>Landlord</service>
				<ns>GameSystem</ns>
			</locator>
		</locators>
	</sync>
	<async>
		<locators>
			<locator>
				<service>Landlord</service>
				<ns>LLGame</ns>
			</locator>
			<locator>
				<service>Protocol</service>
				<ns>MinaServer</ns>
			</locator>
		</locators>
	</async>
	<remote>
		<locators>
			<locator>
				<service>Payment</service>
				<ns>com.sky.game.internal.service.payment.upmp</ns>
			</locator>
			<locator>
				<service>Protocol</service>
				<ns>com.sky.game.service.internal</ns>
			</locator>
			
		</locators>
	</remote>
</Configuration>
