<Configuration xmlns="">
	<name>Websocket</name>
	<ip>127.0.0.1</ip>
	<port>15000</port>
	<sync>
		<locators>
			<locator>
				<service>Protocol</service>
				<ns>GameUser</ns>
			</locator>
			<locator>
				<service>Protocol</service>
				<ns>UserCenter</ns>
			</locator>
			<locator>
				<service>Protocol</service>
				<ns>IndianaStar</ns>
			</locator>
			<locator>
				<service>Protocol</service>
				<ns>GameSystem</ns>
			</locator>
			<locator>
				<service>Protocol</service>
				<ns>UserMessage</ns>
			</locator>
			<locator>
				<service>Protocol</service>
				<ns>AuctionCompany</ns>
			</locator>
			<locator>
				<service>Protocol</service>
				<ns>GameMessage</ns>
			</locator>
		</locators>
	</sync>
	<async>
		<locators>
			<locator>
				<service>Landlord</service>
				<ns>LLGame</ns>
			</locator>
			<locator>
				<service>Protocol</service>
				<ns>MinaServer</ns>
			</locator>
		</locators>
	</async>
	<remote>
		<locators></locators>
	</remote>
</Configuration>
